,title,1900,1901,1902,1903,1904,1905,1906,1907,1908,1909,1910,1911,1912,1913,1914,1915,1916,1917,1918,1919,1920,1921,1922,1923,1924,1925,1926,1927,1928,1929,1930,1931,1932,1933,1934,1935,1936,1937,1938,1939,1940,1941,1942,1943,1944,1945,1946,1947,1948,1949,1950,1951,1952,1953,1954,1955,1956,1957,1958,1959,1960,1961,1962,1963,1964,1965,1966,1967,1968,1969,1970,1971,1972,1973,1974,1975,1976,1977,1978,1979,1980,1981,1982,1983,1984,1985,1986,1987,1988,1989,1990,1991,1992,1993,1994,1995,1996,1997,1998,1999,2000,score_sum,time_since_pub,weighted_score
1318767,Cleavage of Structural Proteins during the Assembly of the Head of Bacteriophage T4,,,,,,,,,,,,,,,,,,,,,,,,,,,,,,,,,,,,,,,,,,,,,,,,,,,,,,,,,,,,,,,,,,,,,,,0.1925,0.3980385,0.6309215,1.60469,3.328626,5.998306,9.7379405,14.2968475,20.9293465,29.4449185,42.6320395,57.13706,75.5865055,97.9593895,124.1520375,153.557031,186.5053005,224.01569,266.108829,310.4348925,357.836273,407.670022,458.1964615,503.652481,548.8842705,594.0924895,635.8655015,688.028089,741.621048,794.112152,848.9690355,8203.578733,31,264.631572
670700,Analysis of C14-labeled proteins by disc electrophoresis.,,,,,,,,,,,,,,,,,,,,,,,,,,,,,,,,,,,,,,,,,,,,,,,,,,,,,,,,,,,,,,,,,,0.15,0.181875,0.3866655,0.39344,0.510315,0.6920025,1.0759815,1.363953,2.481635,4.325149,6.835726,10.390664,14.649504,20.5233865,28.209503,39.7721465,52.248812,67.995827,87.1681975,109.462584,134.4871875,162.5849405,194.488866,230.304687,267.920978,308.1473555,350.362325,393.0423125,431.348081,469.415552,507.41351,542.492092,586.149673,630.747745,674.242687,719.574615,7051.539974,36,195.8761104
2174016,Electrophoretic transfer of proteins from polyacrylamide gels to nitrocellulose sheets: procedure and some applications,,,,,,,,,,,,,,,,,,,,,,,,,,,,,,,,,,,,,,,,,,,,,,,,,,,,,,,,,,,,,,,,,,,,,,,,,,,,,,,,0.15,0.21375,0.547868,1.3979275,3.118251,6.1367965,11.365903,17.66493,24.963591,34.149558,45.2852975,56.856492,67.531234,78.1953935,89.697381,99.3310175,110.2149275,120.427941,132.0941655,143.605588,155.4216165,166.3254335,1364.695063,22,62.03159375
3073432,International Tables for X-Ray Crystallography,,,,,,,,,,,,,,,,,,,,,,,,,,,,,,,,,,,,,,,,,,,,,,,,,,,,,,,,,,,,,,,,0.728,1.238,2.7578,3.7682375,5.4182915,6.933153,8.5525305,9.851951,12.1738535,14.3042595,15.7041075,17.384209,18.9181105,20.130525,22.3570915,25.145525,27.854866,29.690407,32.3267415,34.0327765,37.0261025,40.2473475,44.1567355,49.2958015,53.4559905,58.957845,66.120676,73.4855095,80.396766,86.538747,93.3642215,98.928823,109.025055,116.7019915,124.319139,131.77692,138.135566,143.578864,1854.782537,38,48.81006676
1362890,Colorimetric method for determination of sugars and related substances,,,,,,,,,,,,,,,,,,,,,,,,,,,,,,,,,,,,,,,,,,,,,,,,,,,,,,,,,0.2775,0.2775,0.513375,0.646927,0.8518025,1.0158355,1.3792105,1.5810855,1.7808355,1.9824385,2.4394155,3.219265,4.19158,5.580837,6.329908,7.1746635,8.6230125,10.065726,11.687152,13.4470855,15.501289,18.4299045,22.181796,25.1898015,28.6173925,32.5043915,36.6632035,40.698094,44.2341195,48.928168,53.2375065,57.643813,62.5756575,67.7197725,72.4208165,77.863494,83.7889715,88.5000455,93.1910255,98.2208665,104.013098,108.987638,113.8171765,119.370048,124.657337,1722.020582,45,38.26712403
5506725,THE PREPARATION OF 131I-LABELLED HUMAN GROWTH HORMONE OF HIGH SPECIFIC RADIOACTIVITY,,,,,,,,,,,,,,,,,,,,,,,,,,,,,,,,,,,,,,,,,,,,,,,,,,,,,,,,,,,,,,,,0.15,0.405,0.681675,1.0761515,1.3911445,2.1728895,2.612212,3.5967755,4.8907475,6.01925,7.4411725,9.8037475,11.4553655,13.6647535,16.696797,19.8464465,22.392766,25.4210865,29.1748735,32.226892,35.974899,40.6097365,44.1609175,47.59564,51.7609545,56.424148,60.1497745,63.603418,66.526993,69.3208495,71.625446,73.400399,76.161641,77.849146,80.0403185,82.364822,84.2264665,86.112336,1379.027651,38,36.29020136
2540595,Functional analysis and semi-groups,,,,,,,,,,,,,,,,,,,,,,,,,,,,,,,,,,,,,,,,,,,,,,,,,,,,,,,,,,,,,,,,,,,,,,,,,,,,,,,,,,,,,,,,,,,,,,,,,28.6415835,29.7271865,30.994341,31.921062,32.870648,154.154821,5,30.8309642
655331,An introduction to computing with neural nets,,,,,,,,,,,,,,,,,,,,,,,,,,,,,,,,,,,,,,,,,,,,,,,,,,,,,,,,,,,,,,,,,,,,,,,,,,,,,,,,,,,,,,,,0.309375,1.9743125,4.8487235,8.519644,15.8555775,22.1769085,28.8902595,34.2237375,39.906863,44.5043685,49.185888,53.031237,58.437679,63.3194415,425.184015,14,30.37028679
762702,Applied logistic regression,,,,,,,,,,,,,,,,,,,,,,,,,,,,,,,,,,,,,,,,,,,,,,,,,,,,,,,,,,,,,,,,,,,,,,,,,,,,,,,,,,,,,,,,,,,,,,,,,,,,,29.9243695,29.9243695,1,29.9243695
2447147,Filter-paper partition chromatography of sugars: 1. General description and application to the qualitative analysis of sugars in apple juice egg white and foetal blood of sheep. with a note by R. G. Westall.,,,,,,,,,,,,,,,,,,,,,,,,,,,,,,,,,,,,,,,,,,,,,,,,,0.15,0.2775,0.778286,1.069411,1.5770735,2.073261,2.168886,2.5767075,3.509829,4.080502,4.570765,5.619716,6.2387115,7.0316255,7.5387185,8.593322,9.6670505,10.5373995,12.0314105,13.4980855,15.1914045,16.5451315,18.147101,19.490917,21.1800285,22.5416435,23.9057745,25.41438,27.157186,29.108803,31.155212,33.177566,35.3307435,37.55391,40.023449,42.226003,44.1534035,46.12871,48.123048,50.311186,52.690489,54.6292795,56.46947,58.7106055,61.0986465,62.934196,64.782368,66.7395865,68.682916,70.279658,72.09893,73.9705195,75.7586135,1569.299139,53,29.60941772
3425539,Linear Statistical Inference and its Applications,,,,,,,,,,,,,,,,,,,,,,,,,,,,,,,,,,,,,,,,,,,,,,,,,,,,,,,,,,,,,,,,,,,,,0.482911,0.58775,1.087125,1.339082,1.8541225,2.2470095,3.9852595,4.7434765,5.845085,7.230653,7.899501,9.176575,10.7348035,11.9347315,14.359773,16.2602795,18.374136,21.7998825,25.2453405,28.0607955,30.8618345,34.4590175,38.246048,41.826503,45.5967035,50.092838,53.3199905,57.0522045,62.6383365,67.796468,73.5094965,79.4409155,85.767865,913.856513,33,27.69262161
6281130,Use of avidin-biotin-peroxidase complex (ABC) in immunoperoxidase techniques: a comparison between ABC and unlabeled antibody (PAP) procedures.,,,,,,,,,,,,,,,,,,,,,,,,,,,,,,,,,,,,,,,,,,,,,,,,,,,,,,,,,,,,,,,,,,,,,,,,,,,,,,,,,,0.15,0.2775,0.7080675,1.4284085,2.725024,5.055061,7.805491,11.643105,15.5719835,19.0447265,22.8300825,26.240002,30.620035,34.685772,39.420714,43.4341165,48.545583,53.067243,58.4539225,62.9461385,484.652976,20,24.2326488
3512973,METHODS FOR DETECTING CARCINOGENS AND MUTAGENS WITH THE SALMONELLA/MAMMALIAN-MICROSOME MUTAGENICITY TEST,,,,,,,,,,,,,,,,,,,,,,,,,,,,,,,,,,,,,,,,,,,,,,,,,,,,,,,,,,,,,,,,,,,,,,,,,,,,0.15,0.3834865,1.0702695,2.445493,3.9164775,6.7147115,9.563835,12.1249785,15.8188745,18.168011,21.884738,24.428312,26.200307,28.8221745,30.446533,31.9941025,33.577406,34.961138,35.9592165,37.706927,38.5195695,39.6046625,40.8165925,41.849912,42.721961,43.6144185,623.4641075,26,23.97938875
2597386,Generalized Expectancies for Internal versus External Control of Reinforcement,,,,,,,,,,,,,,,,,,,,,,,,,,,,,,,,,,,,,,,,,,,,,,,,,,,,,,,,,,,,,,,,,,,0.15,0.373125,0.6946545,0.7307795,1.2875295,2.154674,2.98407,4.3294585,5.540258,6.777824,8.572497,9.7102475,11.431523,13.384653,15.320664,18.1228165,19.8889975,22.033301,24.7891795,26.3083165,29.1358245,31.049421,32.498195,34.5266775,36.3392175,38.3357145,40.2805315,41.9745475,44.0075945,46.108616,47.430723,49.203228,50.787628,52.7695645,55.3624385,824.39449,35,23.55412829
1091526,COPPER ENZYMES IN ISOLATED CHLOROPLASTS. POLYPHENOLOXIDASE IN BETA VULGARIS,,,,,,,,,,,,,,,,,,,,,,,,,,,,,,,,,,,,,,,,,,,,,,,,,,0.15,0.15,0.15,0.15,0.15,0.15,0.15,0.1925,0.1925,0.1925,0.32,0.4475,0.6977145,1.107389,1.76041,2.0992795,2.799586,3.385117,4.532175,5.3512775,6.5622555,7.698731,8.9673645,10.570116,12.568058,14.1222575,15.5923495,17.455065,19.2135365,21.2912765,23.631216,26.3176835,28.3566125,30.584335,32.7872035,36.0417685,38.2540635,40.5462585,42.568791,44.957223,47.567777,50.121857,51.9256505,53.852558,56.084437,58.4108105,60.603836,62.9182075,64.765453,66.8550335,69.0800275,71.4091805,1215.808942,52,23.38094118
3737572,Mind Self and Society,,,,,,,,,,,,,,,,,,,,,,,,,,,,,,,,,,,,,,,,,,,,,,,,,,,,,,,,,,,,,,,,,,,,,,,,,,,,,,,,,,,,,,,,,,,,,,,,,,,,22.568478,23.872752,46.44123,2,23.220615
398488,A simple method for displaying the hydropathic character of a protein,,,,,,,,,,,,,,,,,,,,,,,,,,,,,,,,,,,,,,,,,,,,,,,,,,,,,,,,,,,,,,,,,,,,,,,,,,,,,,,,,,,0.21375,0.3382155,0.863371,2.0244625,3.08573,4.7352995,7.4190895,9.3733415,12.127724,15.507596,19.0011555,22.8372905,26.4948405,31.1278165,35.7599255,41.0490505,47.2715095,53.2824545,58.734159,391.2467815,19,20.59193587
231749,A Method for Determining the Sedimentation Behavior of Enzymes: Application to Protein Mixtures,,,,,,,,,,,,,,,,,,,,,,,,,,,,,,,,,,,,,,,,,,,,,,,,,,,,,,,,,,,,,,0.15,0.2775,0.38375,0.913164,1.221442,1.9593865,2.83872,3.7462905,4.7239605,5.9460055,7.042412,8.3004375,9.8535065,11.053477,12.397004,13.486568,15.1273995,16.675785,18.5290825,19.7948175,21.6974745,22.910025,24.245732,25.4380355,27.1463145,28.0914465,28.90414,30.009871,30.768173,31.8364105,32.726811,33.6568215,34.186176,34.884077,35.68782,36.0779615,36.528674,37.1333725,37.5983735,38.020628,781.969046,40,19.54922615
3135673,Isolation of a T-lymphotropic retrovirus from a patient at risk for acquired immune deficiency syndrome (AIDS).,,,,,,,,,,,,,,,,,,,,,,,,,,,,,,,,,,,,,,,,,,,,,,,,,,,,,,,,,,,,,,,,,,,,,,,,,,,,,,,,,,,,0.2775,1.3152905,3.783733,6.237615,9.387052,12.228789,14.8185605,17.5403795,19.3376195,21.474766,23.0848105,24.7468835,26.972974,28.3879775,30.21756,32.2403985,34.047201,36.053082,342.152192,18,19.00845511
5881362,The fractionation of high-molecular-weight ribonucleic acid by polyacrylamide-gel electrophoresis,,,,,,,,,,,,,,,,,,,,,,,,,,,,,,,,,,,,,,,,,,,,,,,,,,,,,,,,,,,,,,,,,,,,0.181875,0.4652905,0.8555425,1.6976885,2.4320715,3.7421255,5.3599815,6.9423245,8.364774,10.3052815,11.9224405,13.2994575,15.0222715,16.115431,17.8657255,19.136229,20.523854,21.433745,22.352153,23.544737,24.3864495,25.485644,26.6034535,27.52544,28.1289145,28.8049365,29.3562465,29.901377,30.539625,31.283885,31.9963295,32.7727195,33.6271055,34.2763695,636.2514945,34,18.71327925
1977282,EQUILIBRIUM ULTRACENTRIFUGATION OF DILUTE SOLUTIONS.,,,,,,,,,,,,,,,,,,,,,,,,,,,,,,,,,,,,,,,,,,,,,,,,,,,,,,,,,,,,,,,,,0.1659375,0.173018,0.173018,0.668143,1.220643,2.3736,4.106138,5.4996535,6.8906615,8.0514385,9.78322,11.6044895,12.821579,13.889247,15.4571315,16.7650605,17.86094,18.9723745,20.1903395,21.099168,22.3943385,23.064368,24.051371,24.765728,25.7272565,26.390724,27.249989,28.0247385,28.731658,29.2586325,29.6139835,30.1391475,30.4548375,30.9393375,31.4877405,32.169228,32.5968375,664.8257165,37,17.96826261
354208,A new and rapid colorimetric determination of acetylcholinesterase activity.,,,,,,,,,,,,,,,,,,,,,,,,,,,,,,,,,,,,,,,,,,,,,,,,,,,,,,,,,,,,,,0.15,0.15,0.2806875,0.2806875,0.498109,0.498109,0.7951925,0.9087355,1.141083,1.459799,1.702933,2.4613795,3.2498565,4.252899,5.147983,6.374193,7.4390305,8.8743405,10.743108,12.1173795,14.247233,16.0644905,17.6630175,19.5014145,21.301026,23.1456365,25.352636,28.2732275,29.825591,31.812517,34.0063585,35.833204,37.8162795,39.554215,41.5227555,42.6285715,44.3106705,46.0228085,47.712804,49.4632345,714.5831965,40,17.86457991
3767618,Modern factor analysis,,,,,,,,,,,,,,,,,,,,,,,,,,,,,,,,,,,,,,,,,,,,,,,,,,,,,,,,,,,,,,,,,,,,,,3.188801,3.8188635,4.256078,4.9397585,5.947153,6.522263,7.7338105,8.311479,9.0572265,10.0839075,11.0904775,12.4870955,13.5074355,14.9045465,15.656363,16.722807,17.511012,18.9256415,19.8812795,20.6137245,21.7194215,22.6824715,24.1752245,25.2970545,26.526962,27.690034,29.0949905,30.399698,31.5866635,32.8932325,34.681471,36.505265,568.4122115,32,17.76288161
6063864,Thomas Springfield Illinois,,,,,,,,,,,,,,,,,,,,,,,,,,,,,,,,,,,,,,,,,,,,,,,,,,,,,,,,,,,,,,,,,,0.598766,0.991891,1.0887655,1.71417,2.426623,2.9260575,3.2703075,3.8000785,4.1857745,5.0555625,5.892821,7.124386,7.963846,9.100925,10.5282875,11.996705,13.397097,15.321718,16.841552,18.4561015,20.180641,21.4929475,23.2657925,24.7787585,26.329507,27.7203195,28.7516245,30.042698,31.5798465,32.7887335,34.2117015,35.6644705,37.080154,38.671116,40.071865,42.027511,637.3391215,36,17.70386449
5142536,Singular Integral Equations,,,,,,,,,,,,,,,,,,,,,,,,,,,,,,,,,,,,,,,,,,,,,,,,,,,,,,,,,,,,,,,,,,,,,,,,,,,,,,8.3253085,8.9640835,9.2764585,9.652915,10.1807565,10.7148625,11.404952,12.559371,13.097982,13.468735,14.008842,15.0413285,15.9603995,16.646511,17.472439,18.464474,19.632408,20.5870345,21.4358275,22.3014845,23.115164,24.36055,25.4433055,26.0929605,388.208153,24,16.17533971
4601149,Protein Purification by Affinity Chromatography DERIVATIZATIONS OF AGAROSE AND POLYACRYLAMIDE BEADS,,,,,,,,,,,,,,,,,,,,,,,,,,,,,,,,,,,,,,,,,,,,,,,,,,,,,,,,,,,,,,,,,,,,,,,0.15,0.632375,1.306544,1.9282595,3.503216,5.256885,6.9755765,8.4845985,10.2937725,11.4054025,12.586367,14.124425,15.5609675,16.2710915,17.051383,17.732726,19.039856,19.775905,20.357917,21.231819,21.871138,22.445143,22.9831505,23.4612585,23.721061,24.102184,24.449239,24.9280695,25.48748,25.895276,26.277232,489.290318,31,15.78355865
213497,A Discipline of Programming,,,,,,,,,,,,,,,,,,,,,,,,,,,,,,,,,,,,,,,,,,,,,,,,,,,,,,,,,,,,,,,,,,,,,,,,,,,,,,,,,,,,,,,,,,,,,,,,,,14.0350985,15.2369645,16.2129175,17.2592335,62.744214,4,15.6860535
2271062,Estimation of the molecular weights of proteins by Sephadex gel-filtration,,,,,,,,,,,,,,,,,,,,,,,,,,,,,,,,,,,,,,,,,,,,,,,,,,,,,,,,,,,,,,,,,0.1659375,0.2764375,0.8395625,1.286178,1.888556,2.585607,3.484346,4.853628,5.784242,7.387699,8.2723705,10.285145,11.1524085,11.8557325,12.770205,14.240178,15.539386,16.3640645,17.158772,18.1743095,18.940389,19.876936,20.823683,21.512251,22.2406755,23.1881365,23.9195615,24.5268695,24.9654525,25.419225,26.079981,26.445583,26.838878,27.149825,27.5128855,27.92222,28.2429845,579.9703015,37,15.67487301
2524919,Frequent detection and isolation of cytopathic retroviruses (HTLV-III) from patients with AIDS and at risk for AIDS,,,,,,,,,,,,,,,,,,,,,,,,,,,,,,,,,,,,,,,,,,,,,,,,,,,,,,,,,,,,,,,,,,,,,,,,,,,,,,,,,,,,,0.691875,2.864781,4.9476635,7.3687355,9.678041,12.0404205,13.7433105,15.2143205,16.6347385,17.797037,18.972043,20.5000625,21.431637,22.5998005,23.8820935,25.133438,26.501394,260.0013915,17,15.2941995
919133,Benzodiazepine receptors in rat brain.,,,,,,,,,,,,,,,,,,,,,,,,,,,,,,,,,,,,,,,,,,,,,,,,,,,,,,,,,,,,,,,,,,,,,,,,,,,,,,0.15,0.81725,2.116152,2.639871,4.114213,5.8072685,7.5246595,8.736921,10.673136,12.8941435,14.4618325,15.819138,17.2945595,18.730031,20.1352255,21.390208,22.6419435,23.377559,24.1904905,25.027205,25.7025045,26.3197915,27.013145,27.8573565,365.4346045,24,15.22644185
5701555,The Mathematical Theory of Non-Uniform Gases,,,,,,,,,,,,,,,,,,,,,,,,,,,,,,,,,,,,,,,,,,,,,,,,,,,,,,,,,,,,,,,1.203082,1.309332,1.5547695,2.3835195,2.699082,3.568734,4.199859,5.2125915,6.689152,7.2884445,8.237733,9.472137,10.3139515,11.108574,11.775229,12.3863025,12.9089335,13.476232,14.3477965,15.0648735,15.7175035,16.7814825,17.6051835,18.6309295,19.311788,20.0328175,20.592789,21.224628,21.922835,22.418504,23.244789,24.2935955,24.962231,25.5499295,26.3855645,27.361322,28.8782235,29.755194,31.090289,590.959927,39,15.15281864
4994834,SURFACE MARKERS ON HUMAN T AND B LYMPHOCYTES I. A LARGE POPULATION OF LYMPHOCYTES FORMING NONIMMUNE ROSETTES WITH SHEEP RED BLOOD CELLS,,,,,,,,,,,,,,,,,,,,,,,,,,,,,,,,,,,,,,,,,,,,,,,,,,,,,,,,,,,,,,,,,,,,,,,,,0.15,0.5688375,1.4029935,2.5640425,4.223642,5.815828,7.478462,9.0153385,9.993561,11.042614,12.900102,14.3939175,15.5006005,16.5980015,17.8662695,18.3104455,19.0902355,19.6760385,20.101931,20.6629565,21.082712,21.32384,21.717152,22.2524225,22.675391,23.1096135,23.5620005,23.9857595,24.30547,431.370178,29,14.87483372
6527958,Zone electrophoresis in starch gels: group variations in the serum proteins of normal human adults.,,,,,,,,,,,,,,,,,,,,,,,,,,,,,,,,,,,,,,,,,,,,,,,,,,,,,,,,0.15,0.15,0.2775,0.66,0.7875,1.6667485,2.3346785,3.0683475,4.2630905,5.48613,6.699641,7.3258275,8.593917,10.6516395,11.521096,12.317036,12.8116255,13.679178,14.3312895,14.731002,15.44337,16.0540695,16.8683355,17.349461,17.5933175,18.230282,18.641138,19.0950635,19.540795,19.876579,20.001495,20.4462235,20.6834925,21.200352,21.733353,21.9966745,22.616996,22.918763,23.38815,23.47485,23.8185305,24.018425,24.1813955,24.4285075,24.6632605,25.086195,674.8553215,46,14.67076786
1725110,Detection of Sugars on Paper Chromatograms,,,,,,,,,,,,,,,,,,,,,,,,,,,,,,,,,,,,,,,,,,,,,,,,,,,0.15,0.15,0.21375,0.25625,0.25625,0.3423125,0.4698125,0.5517695,0.8322695,1.1297695,1.278154,1.571948,1.82365,2.5076195,3.1862595,3.72187,4.359727,4.9671285,6.064487,6.628411,7.9281205,8.8641235,9.803841,10.745522,11.5646075,12.704942,13.7801325,14.6860625,15.671969,16.780063,17.9507,19.2026395,20.557463,21.4707115,22.5907565,23.2004955,24.2162625,25.030095,26.0810605,26.6740715,27.3556865,28.179413,28.9090105,29.5491795,30.200798,31.030687,31.405792,31.793613,32.3278635,32.852543,33.4497275,727.0193905,51,14.25528217
4361389,Physical chemistry of macromolecules,,,,,,,,,,,,,,,,,,,,,,,,,,,,,,,,,,,,,,,,,,,,,,,,,,,,,,,,,,,,,,,0.15,0.2253355,0.227792,0.397792,0.465792,0.557864,1.0117215,1.545615,2.339073,3.263584,4.158668,5.145212,6.342148,7.729875,8.868059,9.713741,10.869418,11.808005,12.691019,13.828846,14.6261375,15.18259,16.233921,16.9035425,17.675521,19.1601565,19.979599,20.844695,21.476194,22.587297,23.539059,24.258125,24.919017,25.682861,27.0914045,28.377021,29.547318,30.7176915,31.704856,531.8465665,39,13.63709145
420074,A theory of cognitive dissonance,,,,,,,,,,,,,,,,,,,,,,,,,,,,,,,,,,,,,,,,,,,,,,,,,,,,,,,,,,,,,,,0.46875,0.6870895,1.1968175,1.60163,2.09463,2.5057325,3.137223,3.6104095,4.3426675,5.350045,6.2721165,6.951768,7.9540965,8.552641,9.631478,10.084273,11.0444755,11.7524575,12.3153445,12.866612,13.359204,14.006547,14.6533715,15.1914385,16.4246865,17.044447,17.790815,18.7717235,19.6558765,20.8852655,21.831307,22.859909,24.0094575,25.146528,26.0753995,27.281014,28.8523665,30.1356625,32.458075,528.853351,39,13.56034233
5758285,The Social Readjustment Rating Scale.,,,,,,,,,,,,,,,,,,,,,,,,,,,,,,,,,,,,,,,,,,,,,,,,,,,,,,,,,,,,,,,,,,,,0.15,0.1925,0.1925,0.2341755,0.30334,0.334314,0.334314,0.462273,0.743572,1.2822595,1.8246445,2.6628805,3.7748675,4.9075435,6.1090015,7.681901,8.6046355,10.54176,12.327406,14.215375,15.9222175,17.399662,19.1400455,20.895236,22.022744,23.397177,24.929897,26.3659805,28.0918205,29.760991,31.3862675,33.6984205,35.4678995,37.580753,442.9383745,34,13.02759925
1874089,Dislocations and mechanical properties of crystals: edited by J. C. Fisher W. G. Johnson R. Thomson and T. Vreeland. 634pagesillustrations 6 ÌÑ 9 in. New York John Wiley & Sons Inc. 1957. Price $15.00,,,,,,,,,,,,,,,,,,,,,,,,,,,,,,,,,,,,,,,,,,,,,,,,,,,,,,,,,,,0.355411,0.737911,1.116161,2.1509765,2.6281495,3.432003,3.950707,4.5986535,5.756073,6.366288,6.7430165,7.699496,8.607857,9.6884535,10.62302,11.2779025,11.688631,12.118612,12.7023665,13.3313495,14.050747,14.510699,15.0432325,15.7770035,16.2567605,16.4450865,16.6844125,16.910419,17.379976,17.49187,17.728816,18.1947775,18.328185,18.704497,18.8675525,19.2741245,19.43174,19.93528,20.4362615,20.7164555,21.248003,21.5608285,21.7062805,552.256046,43,12.84316386
3017592,Infrared spectra of inorganic and coordination compounds,,,,,,,,,,,,,,,,,,,,,,,,,,,,,,,,,,,,,,,,,,,,,,,,,,,,,,,,,,,,,,,,,,,,,,,2.472846,3.020416,3.6547455,4.665676,4.985412,5.2013545,6.7764045,7.2569775,8.057924,8.7854985,9.3275095,10.107053,10.3529495,10.8903535,11.482795,12.599304,13.054241,13.890845,14.7781005,15.2861965,15.772269,16.6369995,17.4602415,17.943968,18.7851025,19.3549,20.4702785,21.2557805,22.582537,23.6963175,24.9762135,395.5812095,31,12.76068418
5540030,Tables of integral transforms,,,,,,,,,,,,,,,,,,,,,,,,,,,,,,,,,,,,,,,,,,,,,,,,,,,,,,,0.15,0.15,0.15,0.15,0.405,0.500625,0.500625,0.645652,1.0071145,1.6980965,2.32617,2.9394025,3.5696265,4.4852295,5.1817365,5.6491855,6.423816,6.943098,8.030826,8.830846,9.746024,10.1993885,11.09307,11.5467065,12.728708,13.756426,14.8753065,15.96476,16.6988115,17.2082845,17.4040395,17.9584435,19.0514755,19.3976805,20.1768925,21.0612665,21.7659675,22.5026795,23.479236,24.2454175,25.068651,25.955082,26.848381,27.9100055,29.0509435,30.0555075,31.2039255,596.6901295,47,12.69553467
5017899,Scaling concepts in polymer physics,,,,,,,,,,,,,,,,,,,,,,,,,,,,,,,,,,,,,,,,,,,,,,,,,,,,,,,,,,,,,,,,,,,,,,,,,,,,,,,,,0.181875,0.419875,1.743002,2.3759035,3.1394245,4.474783,5.4355635,6.1678725,7.299129,9.0969385,10.510412,11.995532,14.0542065,16.1171565,18.2459815,20.0759295,22.230518,24.4992785,26.7302735,29.356085,32.1683355,266.318075,21,12.6818131
4441324,Possible high Tc superconductivity in the Ba-La-Cu-O system,,,,,,,,,,,,,,,,,,,,,,,,,,,,,,,,,,,,,,,,,,,,,,,,,,,,,,,,,,,,,,,,,,,,,,,,,,,,,,,,,,,,,,,0.15,2.4757615,5.668217,8.0018155,10.0263795,11.80656,13.7171985,14.575061,15.5089475,16.229229,16.845802,17.709368,17.977815,18.5820885,19.0710765,188.3453195,15,12.55635463
4830228,Repeated Sequences in DNA,,,,,,,,,,,,,,,,,,,,,,,,,,,,,,,,,,,,,,,,,,,,,,,,,,,,,,,,,,,,,,,,,,,,,0.15,0.430925,1.022151,1.6502415,2.3120515,3.111145,4.2779315,5.9262005,7.3529085,8.1791255,9.303191,10.6161265,11.2589815,12.0157025,12.998294,13.529102,14.0004525,14.5574405,15.2163095,15.9288645,16.561307,17.0113735,17.535798,17.9975775,18.4557615,18.87652,19.304206,19.612212,20.0162595,20.3233985,20.736762,21.271871,21.6935475,413.2337385,33,12.5222345
5169602,Social theory and social structure,,,,,,,,,,,,,,,,,,,,,,,,,,,,,,,,,,,,,,,,,,,,,,,,,,,,,,,,,,,,,,,,,,,,,1.8098375,1.947274,2.369231,2.573231,2.870731,3.312731,4.1173325,4.8542485,5.6158315,6.499075,7.2358975,8.0800835,8.986991,9.8807405,10.3047375,11.33634,11.9504395,12.70484,13.6055595,14.191558,15.301794,16.0549195,16.699721,17.554991,18.4042345,19.122748,19.976675,21.0496725,22.1287305,22.9869245,24.2336535,25.0893145,26.4817845,409.331873,33,12.40399615
4926216,Rosette formation by peripheral lymphocytes. II. Inhibition of the phenomenon.,,,,,,,,,,,,,,,,,,,,,,,,,,,,,,,,,,,,,,,,,,,,,,,,,,,,,,,,,,,,,,,,,,,,,,,,0.15,0.2775,0.6335055,1.342533,2.329417,3.7719605,5.1253135,6.560615,7.868204,8.6991895,9.5974185,11.172443,12.4242125,13.38433,14.3259685,15.3734065,15.7217705,16.3544765,16.810085,17.1506375,17.617381,17.922769,18.0889695,18.383809,18.7778095,19.0628825,19.3289495,19.609526,19.8585845,20.021487,367.745154,30,12.2581718
343883,A method for the determination of desoxyribonucleic acid ribonucleic acid and phosphoproteins in animal tissues.,,,,,,,,,,,,,,,,,,,,,,,,,,,,,,,,,,,,,,,,,,,,,,0.15,0.15,0.15,0.15,0.15,0.15,0.46875,0.59625,0.734375,1.1498125,1.299047,1.3988625,1.5501115,1.7937385,2.214701,2.994525,3.3592515,3.7343565,4.6218925,5.4300555,6.142228,6.641739,7.448848,8.057771,8.598439,9.3303995,10.3158385,11.2172295,12.101629,13.15636,13.751717,14.418032,15.1852675,16.126906,16.9696555,17.71202,18.4769605,19.065594,19.619369,20.3974335,20.898704,21.419057,21.867177,22.1744435,22.7965415,23.41433,23.6450285,23.8428235,24.2077455,24.4190555,24.680303,24.7777045,24.9134325,25.226105,25.4405855,25.6809485,676.3831505,56,12.07827054
3016595,Infrared and Optical Masers,,,,,,,,,,,,,,,,,,,,,,,,,,,,,,,,,,,,,,,,,,,,,,,,,,,,,,,,,,,0.15,0.2775,0.2775,0.5675625,0.993302,1.557906,2.241833,3.2683865,3.965616,4.4190655,5.188834,6.0164195,6.660082,7.192794,7.8268345,8.5053555,9.080304,9.7542095,10.6638455,11.233507,11.7560615,12.199056,12.7308245,13.262695,13.8076555,14.213539,14.825352,15.4250015,15.9801705,16.6182145,17.404541,17.7600875,18.3031865,18.6392765,18.98056,19.710455,20.4585995,21.3615715,21.777009,22.5618225,22.9989265,23.327681,23.6555685,507.598712,43,11.80462121
3016643,Infrared and Raman spectra of polyatomic molecules,,,,,,,,,,,,,,,,,,,,,,,,,,,,,,,,,,,,,,,,,,,,,,,0.15,0.2775,0.2775,0.666375,0.82575,1.1817895,1.5314625,1.7864625,2.3602125,2.6451665,3.018104,3.5312915,3.7388445,4.0503525,4.219834,4.565444,4.946533,5.4900655,5.745686,6.0665355,6.535183,7.4104705,8.0447575,8.3081725,8.5046415,8.9050255,9.9022115,10.4103925,10.7472475,11.6002735,12.2064765,12.6928465,13.6021595,14.4494225,14.980868,15.3424495,15.8128225,16.608176,17.158194,17.546559,18.0519095,18.821406,19.620593,20.333556,21.3149745,22.107234,22.511494,23.28394,23.884669,24.644773,25.3063875,26.024357,27.2036895,27.6465395,28.6406145,647.2393955,55,11.76798901
4653259,Quantitative Determination of Carbohydrates With Dreywood's Anthrone Reagent,,,,,,,,,,,,,,,,,,,,,,,,,,,,,,,,,,,,,,,,,,,,,,,,,0.15,0.15,0.15,0.1755,0.23925,0.303,0.558,0.813,0.932765,1.233716,1.310488,1.411621,1.7729985,2.2563935,2.58678,2.6970845,3.1081785,3.330904,3.550663,3.898704,4.1858,4.8686135,5.3572955,5.856441,6.7956825,7.40169,7.84539,8.5886385,9.3518875,10.1239085,11.0127535,12.0181505,12.872273,13.789542,14.7207595,15.6671155,16.4821295,17.9390975,18.959548,19.957958,21.070421,22.280855,23.4410115,24.6428265,25.9362885,27.0364265,28.144733,29.197407,30.5346015,31.6422705,32.6907455,33.9083535,35.095336,620.044996,53,11.69896219
1833343,Difference methods for initial-value problems,,,,,,,,,,,,,,,,,,,,,,,,,,,,,,,,,,,,,,,,,,,,,,,,,,,,,,,,,,,,0.15,0.15,0.15,0.318844,0.573844,0.765094,0.9106565,1.362015,1.6031005,1.875959,2.835507,3.264995,4.0686275,4.731449,5.713981,6.011838,6.752528,7.437696,7.9226125,8.5021085,9.035424,10.0049595,10.772501,11.49172,12.6873555,13.454812,14.8397255,16.0216675,17.241018,18.313973,19.258238,20.5129825,21.162289,22.092087,22.798335,23.8077015,24.4438755,25.275184,26.1596175,27.3412535,28.1763105,29.6133545,489.60524,42,11.65726762
4086794,On the Determination of Cystine as Cysteic Acid,,,,,,,,,,,,,,,,,,,,,,,,,,,,,,,,,,,,,,,,,,,,,,,,,,,,,,,,,,,,,,,,0.15,0.295707,0.391332,0.884468,0.9731825,1.3620575,1.7951665,2.6802035,3.294864,3.640695,4.648523,5.2542755,6.027359,7.3879285,8.124513,8.980021,9.9097,10.953466,11.6745635,12.6189305,13.3769095,14.044049,15.069081,15.6709405,16.6055495,17.2435425,18.0372725,18.629748,19.368755,19.7278205,20.2090905,20.4691055,20.9180585,21.279351,21.885452,22.512361,23.1085,23.6402005,442.842743,38,11.65375639
5128414,Simple 'neural' optimization networks: An A/D converter signal decision circuit and a linear programming circuit,,,,,,,,,,,,,,,,,,,,,,,,,,,,,,,,,,,,,,,,,,,,,,,,,,,,,,,,,,,,,,,,,,,,,,,,,,,,,,,,,,,,,,,0.15,0.258239,1.256972,2.786836,4.6479365,7.2000105,9.580665,12.173284,14.3435975,16.251975,17.9341675,19.672817,21.0315675,22.7010185,24.0559525,174.0450385,15,11.60300257
4745178,Reason and Emotion in Psychotherapy,,,,,,,,,,,,,,,,,,,,,,,,,,,,,,,,,,,,,,,,,,,,,,,,,,,,,,,,,,,,,,,,,,,,,,,,,,,,,,,,,,,,,,,,,,,,,,,10.0537325,10.6188805,11.1031595,11.8509895,12.129764,12.3397395,12.5599235,80.656189,7,11.52231271
5061704,Selective extraction of polyoma DNA from infected mouse cell cultures,,,,,,,,,,,,,,,,,,,,,,,,,,,,,,,,,,,,,,,,,,,,,,,,,,,,,,,,,,,,,,,,,,,,0.15,0.15,0.2775,0.5325,0.6568125,1.2284375,1.992052,2.226244,2.8948795,3.484397,4.1146805,4.5877905,5.41337,5.949074,6.747887,7.4100285,8.0749665,8.749875,9.4707175,10.454584,11.686727,13.349803,15.0022965,16.4626645,18.1124465,19.5118355,20.8767655,22.233595,23.671302,24.9974635,26.848483,28.992999,30.3973435,32.1970825,388.906603,34,11.4384295
363171,A new technique for the assay of infectivity of human adenovirus 5 DNA.,,,,,,,,,,,,,,,,,,,,,,,,,,,,,,,,,,,,,,,,,,,,,,,,,,,,,,,,,,,,,,,,,,,,,,,,,,0.15,0.15,0.1551,0.1806,0.3081,0.37185,0.717596,1.0799255,1.4149615,1.867884,2.5114275,3.1923625,3.9829305,5.1921915,6.9341645,8.8657725,10.8793545,12.98755,14.6805885,16.94583,19.293275,21.457545,24.216016,26.3930615,29.4385775,32.866279,35.1884025,37.999548,319.4208935,28,11.40788905
6008431,The theory of atomic spectra,,,,,,,,,,,,,,,,,,,,,,,,,,,,,,,,,,,,,,,,,,,,,,,,,,,,,0.74925,0.813,0.813,0.8455125,0.898425,1.1438625,1.1438625,1.287606,1.5145475,1.6637225,1.9302315,2.2495425,2.430635,2.8182265,3.301256,3.73479,4.07479,4.9303065,5.6061755,6.324281,6.955644,7.874647,8.8477355,9.8987605,11.1318725,11.7815785,12.52719,13.137235,14.023224,14.610965,15.12003,15.5746695,16.2083275,17.022041,18.0032555,18.483174,19.0612675,19.5213045,19.8316055,20.1508995,21.070863,21.60638,22.509624,23.1507025,23.775478,24.780739,25.149401,25.7892215,26.3709785,552.241837,49,11.27024157
400044,A simplification of the protein assay method of Lowry et al. which is more generally applicable.,,,,,,,,,,,,,,,,,,,,,,,,,,,,,,,,,,,,,,,,,,,,,,,,,,,,,,,,,,,,,,,,,,,,,,,,,,,,,,0.15,0.15,0.218,0.5710305,1.0721735,1.4447455,2.341878,3.189532,4.844057,6.458309,7.766357,9.062828,10.902313,12.351223,13.544147,15.21761,16.8326695,18.3249635,19.893596,21.7938985,23.5069715,25.029194,26.858836,28.6182425,270.142575,24,11.25594063
3426625,Linear prediction: A tutorial review,,,,,,,,,,,,,,,,,,,,,,,,,,,,,,,,,,,,,,,,,,,,,,,,,,,,,,,,,,,,,,,,,,,,,,,,,,,,0.15,0.1659375,0.8845785,1.565641,2.1943605,2.8388985,3.3107675,4.15979,4.8961705,6.207185,6.9058255,7.69664,8.773352,10.390851,11.7214155,12.9133365,14.524877,15.9015285,17.384158,18.957712,20.035665,21.596435,22.480163,23.9214315,25.0795565,26.124708,290.780984,26,11.183884
212956,A Diagnostic Interview: The Schedule for Affective Disorders and Schizophrenia,,,,,,,,,,,,,,,,,,,,,,,,,,,,,,,,,,,,,,,,,,,,,,,,,,,,,,,,,,,,,,,,,,,,,,,,,,,,,,,0.15,0.29875,0.3625,0.628125,1.382636,2.293666,2.808511,3.2816975,3.964851,5.412724,6.9531705,8.388608,10.130819,11.744714,13.519361,15.2566505,17.0992805,19.0226435,21.6972705,23.8539415,26.259399,28.796683,31.847707,255.1537085,23,11.0936395
254188,A Practical Handbook of Seawater Analysis,,,,,,,,,,,,,,,,,,,,,,,,,,,,,,,,,,,,,,,,,,,,,,,,,,,,,,,,,,,,,,,,,,,,,,,,,0.53675,0.840625,1.329069,1.4637855,2.0325715,2.5285465,3.040935,3.8161945,4.475463,4.9935635,5.707844,6.697159,7.8112115,8.8281175,9.71216,10.7248415,11.7433625,12.804511,14.397088,15.5317275,16.3812515,17.4472875,18.8793165,19.96554,20.8794855,22.136151,23.4756235,25.097789,26.499133,319.7771035,29,11.02679667
6082184,Time clocks and the ordering of events in a distributed system,,,,,,,,,,,,,,,,,,,,,,,,,,,,,,,,,,,,,,,,,,,,,,,,,,,,,,,,,,,,,,,,,,,,,,,,,,,,,,,0.2775,0.405,0.7875,0.91925,1.380375,1.8553125,2.029775,2.7061285,3.241093,4.453414,5.254097,6.320677,8.201914,9.9911385,11.354173,13.2869455,16.6467575,20.501754,23.0525955,25.892777,27.592998,30.7436845,33.199989,250.0948485,23,10.87368907
2660213,Ground States of Molecules. 38. The MNDO Method. Approximations and Parameters,,,,,,,,,,,,,,,,,,,,,,,,,,,,,,,,,,,,,,,,,,,,,,,,,,,,,,,,,,,,,,,,,,,,,,,,,,,,,,0.15,0.21375,0.313625,0.49425,0.7951245,1.3951905,2.1162625,2.8090125,3.7466645,4.6537505,5.9710635,7.574597,9.328657,11.514976,13.423617,15.783931,17.800998,19.2102895,21.115947,22.1653315,23.6051805,24.5356075,25.6405055,26.5826625,260.9409935,24,10.8725414
5495658,THE HUMAN SIDE OF ENTERPRISE,,,,,,,,,,,,,,,,,,,,,,,,,,,,,,,,,,,,,,,,,,,,,,,,,,,,,,,,,,,,,,,,,,,,,,,,,,,,,,,,,,,,,,,,,,,,,,,,,,,,,10.868534,10.868534,1,10.868534
5923793,The measurement of psychological androgyny.,,,,,,,,,,,,,,,,,,,,,,,,,,,,,,,,,,,,,,,,,,,,,,,,,,,,,,,,,,,,,,,,,,,,,,,,,,,0.15,0.21375,0.3045895,0.8443395,1.7562025,2.7808605,3.9751785,5.5225185,6.291267,6.970009,7.828866,8.6720915,9.3541485,10.3350145,11.501903,12.3627915,13.643716,14.5980705,15.663996,16.6390905,17.6775865,18.4378605,19.126148,19.792939,20.7802735,21.9440765,22.844983,290.01227,27,10.74119519
6039903,Theory of elastic stability,,,,,,,,,,,,,,,,,,,,,,,,,,,,,,,,,,,,,,,,,,,,,,,,,,,,,,,,,,,,,,1.248625,1.376125,1.503625,1.567375,1.609875,1.609875,1.801125,2.3705315,2.7955315,3.1142815,3.4067495,3.6829995,4.0635275,4.327478,4.6501635,5.7957255,6.2522095,6.8049985,7.456804,7.9105935,8.2182595,9.4169975,10.1412145,11.0981955,11.7265665,12.8474445,13.9643615,15.006589,16.0117395,16.824739,17.5921615,18.4885545,19.972867,20.721649,22.175353,23.2576665,24.500035,25.0915415,26.6400205,28.120865,425.165039,40,10.62912598
1453952,Confocal multimode resonator for millimeter through optical wavelength masers,,,,,,,,,,,,,,,,,,,,,,,,,,,,,,,,,,,,,,,,,,,,,,,,,,,,,,,,,,,,,,0.15,0.2775,0.49425,0.840727,1.646255,2.1535095,2.6641555,3.3193015,4.208291,4.74051,5.027895,5.727547,6.405014,6.9882415,7.781963,8.5114415,9.107351,9.6418735,9.92262,10.5532435,11.18368,11.6241755,11.9688505,12.56034,13.0819765,13.490852,14.1156445,15.0459015,15.41957,16.019075,16.4810925,16.839189,17.678989,18.2425815,19.0831635,19.4398235,20.015129,20.4965435,20.863191,21.164754,424.9762115,40,10.62440529
640543,An efficient mRNA-dependent translation system from reticulocyte lysates.,,,,,,,,,,,,,,,,,,,,,,,,,,,,,,,,,,,,,,,,,,,,,,,,,,,,,,,,,,,,,,,,,,,,,,,,,,,,,0.15,0.15,0.593411,1.4994175,2.168104,3.4934325,4.836747,5.738478,7.0576185,8.122065,9.149222,10.334785,11.300453,12.414344,13.6374855,14.420939,15.2603395,15.913964,16.4451035,17.1273475,17.7525395,18.389385,19.064166,19.756185,20.667232,265.442764,25,10.61771056
3617213,Mechanics of composite materials,,,,,,,,,,,,,,,,,,,,,,,,,,,,,,,,,,,,,,,,,,,,,,,,,,,,,,,,,,,,,,,,,,,,,,,,,,,,0.288125,0.415625,0.6249375,1.015113,1.270113,1.614363,2.0700055,2.5569705,2.779033,3.493033,4.1512475,4.5475515,5.5119955,6.945716,8.3521345,9.97345,12.1620555,14.0765955,15.7960095,17.8833035,20.775811,23.231138,25.499907,27.3723805,28.9114415,31.6890545,273.00711,26,10.50027346
956876,Biorthogonal bases of compactly supported wavelets,,,,,,,,,,,,,,,,,,,,,,,,,,,,,,,,,,,,,,,,,,,,,,,,,,,,,,,,,,,,,,,,,,,,,,,,,,,,,,,,,,,,,,,,,0.15,0.235,0.585625,1.1312145,3.2214155,4.9158225,7.980489,10.9538655,14.3033075,17.813595,21.6675035,24.9584145,28.27378,136.1900325,13,10.47615635
5268703,Standard methods of chemical analysis,,,,,,,,,,,,,,,,,,,,,,,,,,,,,,,,,,,,,,,,,,,,,,,,,,,,,,,,,,,,,,,,,,,,,,,,,,,,8.1033225,8.320744,8.323702,8.4634845,8.898523,8.9923375,9.3430305,9.4534285,9.6924995,9.762888,9.951282,10.07647,10.4007535,10.5048445,10.7274,10.8826015,11.0702475,11.3244145,11.528491,11.90533,12.1037115,12.216039,12.2831975,12.421909,12.5404245,12.8785205,272.1695965,26,10.4680614
762817,Applied regression analysis and other multivariable methods,,,,,,,,,,,,,,,,,,,,,,,,,,,,,,,,,,,,,,,,,,,,,,,,,,,,,,,,,,,,,,,,,,,,,,,,,,,,,,,,,,,,,,,,,3.7486025,4.516892,5.363951,6.438453,7.417109,8.197341,9.3450535,10.614333,12.158902,14.1599295,15.664948,17.8560355,19.933104,135.414654,13,10.41651185
6087281,Tissue fractionation studies. 6. Intracellular distribution patterns of enzymes in rat-liver tissue.,,,,,,,,,,,,,,,,,,,,,,,,,,,,,,,,,,,,,,,,,,,,,,,,,,,,,,,,0.15,0.15,0.2296875,0.3852035,0.428766,0.4616015,0.705849,1.042228,1.1118175,1.3853135,1.813093,2.1566715,2.484185,3.232185,4.0340495,4.8184295,5.9035395,6.563284,7.2894475,7.940369,8.3547015,9.268783,10.039121,10.5665205,11.2153085,11.980946,12.8395055,13.5772035,14.246315,14.592843,15.356296,15.8117515,16.2697995,17.0598745,17.6721465,18.253589,18.851207,19.6142605,19.996361,20.315094,20.9260145,21.2230045,21.474426,21.681826,21.948403,22.4651945,477.8862155,46,10.38883077
5831703,The determination of gases in blood and other solutions by vacuum extraction and manometric measurement. I.,,,,,,,,,,,,,,,,,,,,,,,,,0.15,0.15,0.15,0.1925,0.32,0.575,0.745,0.7875,0.85125,0.85125,1.078625,1.2603125,1.4303125,1.4664375,1.6938125,1.83725,2.157938,2.1760005,2.2747535,2.4022535,2.4660035,2.4660035,2.5191285,2.5616285,2.563813,2.691313,2.769938,3.024938,3.144193,3.411824,3.685082,4.166811,4.455318,4.786104,5.2514705,5.8630795,6.429494,7.3327295,7.915209,8.250313,8.906394,9.482847,10.1786825,10.574366,11.260469,11.789339,12.6454335,13.5069935,13.890641,14.6206635,15.0880955,15.6223375,16.1373355,16.85233,17.1576075,17.5585355,17.9659065,18.322881,18.874463,19.3923425,20.3216645,20.8249495,21.323959,21.9986295,22.217105,22.4980385,22.86574,23.32355,23.628547,23.983422,24.2839565,24.545697,25.0888215,25.3199365,25.782889,26.244082,26.5040715,798.8873115,77,10.37515989
319257,A direct measurement of the radiation sensitivity of normal mouse bone marrow cells.,,,,,,,,,,,,,,,,,,,,,,,,,,,,,,,,,,,,,,,,,,,,,,,,,,,,,,,,,,,,,,0.21375,0.21375,0.386402,0.672886,0.913011,1.0776985,1.3138965,1.6160375,2.14325,2.5604895,2.862078,3.5755425,4.1578095,4.85067,5.1405965,5.7856785,6.21424,7.037465,7.7900125,8.8704985,9.4447755,10.840926,11.223987,12.299951,13.2929465,14.28363,15.2967025,15.8640775,16.50808,17.2138605,17.903542,18.378607,19.1135765,19.5452575,20.483938,21.1755915,21.8778615,22.4829255,23.3419355,24.0283275,411.996261,40,10.29990653
6001455,The structure of the ‰ÛÏTHE‰Ûù-multiprogramming system,,,,,,,,,,,,,,,,,,,,,,,,,,,,,,,,,,,,,,,,,,,,,,,,,,,,,,,,,,,,,,,,,,,,,0.15,0.2775,0.2775,0.626527,1.2412725,1.439331,1.7721995,2.5968185,3.380714,3.834172,4.275424,4.6964375,5.463843,6.128084,6.670996,7.2021355,7.8310675,8.817144,9.227303,9.6958825,10.5875155,11.3300585,12.741883,14.024142,15.051673,16.921758,18.3010105,20.4194145,22.052426,23.358145,25.162083,26.9336955,28.672685,331.160841,33,10.035177
5335010,Studies and perspectives of protein kinase C,,,,,,,,,,,,,,,,,,,,,,,,,,,,,,,,,,,,,,,,,,,,,,,,,,,,,,,,,,,,,,,,,,,,,,,,,,,,,,,,,,,,,,,0.15,1.0332945,3.1338485,4.641927,6.754534,8.4509895,10.085225,11.110937,12.201232,13.174652,14.20662,15.0250935,15.875425,16.801806,17.7527265,150.3983105,15,10.02655403
499418,Acetylornithinase of Escherichia coli: partial purification and some properties.,,,,,,,,,,,,,,,,,,,,,,,,,,,,,,,,,,,,,,,,,,,,,,,,,,,,,,,,,0.15,0.15,0.15,0.157497,0.1570805,0.1570805,0.1995805,0.298274,0.331985,0.468512,0.600262,0.7313745,0.970777,1.1385245,1.7544175,1.8788235,2.118005,2.7169065,3.019889,3.695486,4.1971305,4.8937735,6.10799,6.9399105,8.1020305,9.578353,10.715568,12.3437685,13.595929,15.267811,16.3886975,17.132779,18.490909,19.381403,20.17379,20.87096,21.5262505,22.187423,22.855829,23.4815905,23.9188135,24.5469635,25.1728525,25.6977445,26.3688025,440.7815475,45,9.7951455
4267248,Partial Differential Equations,,,,,,,,,,,,,,,,,,,,,,,,,,,,,,,,,,,,,,,,,,,,,,,,,,,,,,,,,,,,,,,,,,,,,,,,,,4.8004945,5.308089,5.4804945,5.9020435,6.595788,7.3727645,7.658492,8.0939895,8.386143,8.9957715,9.5768995,10.1600335,10.9484765,11.25389,12.1390035,12.769712,13.7812375,14.8764455,8.3192735,9.06493175,9.55864575,9.99365025,10.2624925,11.03614125,11.5828485,12.19475075,13.0237685,14.03951425,273.175785,28,9.756278036
230007,A Machine-Oriented Logic Based on the Resolution Principle,,,,,,,,,,,,,,,,,,,,,,,,,,,,,,,,,,,,,,,,,,,,,,,,,,,,,,,,,,,,,,,,,,0.405,0.405,0.4639645,0.4639645,0.5064645,0.5654375,0.670931,0.670931,1.2096185,1.2974915,1.485673,2.0015635,2.642676,2.7967385,3.0725805,3.429011,3.9177355,4.1483745,4.6353905,5.7118475,6.7241295,7.8769335,9.378331,10.9420675,12.4713195,14.889119,16.8492785,18.644079,20.987104,22.8071665,24.232302,25.6020345,26.850931,28.4008125,29.564454,30.7946165,347.515072,36,9.653196444
2344396,Experimental design in psychological research,,,,,,,,,,,,,,,,,,,,,,,,,,,,,,,,,,,,,,,,,,,,,,,,,,,0.2775,0.2775,0.34125,0.34125,0.840625,1.648125,2.234625,2.485902,2.8760435,3.1031465,3.157334,3.470015,4.559681,5.7613175,6.825815,8.6852665,9.7670785,10.746321,11.8844625,13.0412615,7.10578375,7.8365245,8.10080225,8.532615,9.27771225,9.7110125,10.22438275,10.505227,10.860085,11.24899825,11.744799,12.26362625,12.52632725,12.751488,13.13819975,13.334044,13.57191225,13.818306,14.039323,14.41727975,14.670142,14.9603065,15.22195775,15.414028,15.60466175,15.843074,16.0885795,16.37672525,16.59922975,16.77924275,17.09550225,491.9864175,51,9.6467925
1413388,Compilers principles techniques and tools,,,,,,,,,,,,,,,,,,,,,,,,,,,,,,,,,,,,,,,,,,,,,,,,,,,,,,,,,,,,,,,,,,,,,,,,,,,,,,,,,,,,,,,0.2501385,0.8374375,1.55692,2.2694325,2.9113185,3.751076,5.809776,7.2960605,9.8798395,11.5942215,13.814141,16.6032885,19.201764,21.4158525,25.0321095,142.223376,15,9.4815584
5744072,The Resonating Valence Bond State in La2CuO4 and Superconductivity,,,,,,,,,,,,,,,,,,,,,,,,,,,,,,,,,,,,,,,,,,,,,,,,,,,,,,,,,,,,,,,,,,,,,,,,,,,,,,,,,,,,,,,,1.38675,3.649399,5.844915,7.6514965,8.991802,10.341636,10.7381015,11.0037945,11.050995,11.5138965,12.101663,12.4392745,12.7031995,12.988621,132.405544,14,9.457538857
5658080,The Evolution of Oxygen From Illuminated Suspensions of Frozen Dried and Homogenized Chloroplasts.,,,,,,,,,,,,,,,,,,,,,,,,,,,,,,,,,,,,,,,,,,,,,,,0.15,0.15,0.15,0.21375,0.21375,0.21375,0.21375,0.21375,0.21375,0.21375,0.2318125,0.2318125,0.2318125,0.286,0.3401875,0.4465225,0.620628,0.8981615,1.042177,1.3398045,1.58837,2.0758705,2.423988,2.9353055,3.409631,3.9417905,4.60128,5.438785,6.078478,6.693351,7.4668935,8.198242,9.06174,10.0297625,11.1619795,12.0191025,12.953856,13.8730545,15.24073,16.1690235,17.123276,17.9481075,18.9487445,20.028644,21.082202,21.8242775,22.619733,23.535608,24.4927335,25.3998705,26.352797,27.1027435,27.945238,28.8558515,29.7926705,516.028899,55,9.382343618
4033732,Object-oriented modeling and design,,,,,,,,,,,,,,,,,,,,,,,,,,,,,,,,,,,,,,,,,,,,,,,,,,,,,,,,,,,,,,,,,,,,,,,,,,,,,,,,,,,,,,,,,,,,0.32,0.890197,1.4164915,3.40312,6.0492295,8.4890695,12.6410475,16.5602445,20.2474765,23.5280685,93.5449445,10,9.35449445
762433,Applied Optimal Control,,,,,,,,,,,,,,,,,,,,,,,,,,,,,,,,,,,,,,,,,,,,,,,,,,,,,,,,,,,,,,,,,,,,,,,,,,,,,,,,1.17,1.40375,1.579292,1.8175555,2.3955555,2.898713,3.296275,4.482025,5.2347,5.844609,7.1534135,8.4908545,9.572743,11.1203125,12.540926,13.619542,15.195238,16.6043595,18.1363145,19.223558,20.5987985,22.66225,205.040785,22,9.320035682
5057705,Selected values of chemical thermodynamic properties,,,,,,,,,,,,,,,,,,,,,,,,,,,,,,,,,,,,,,,,,,,,,,,,,,,,,,,,,,,,,,2.0911875,2.0911875,2.2186875,2.3155195,2.7823735,3.116602,3.116602,3.286602,3.527356,4.2704855,4.6115225,5.3087775,5.5851295,5.70628,6.026628,6.475683,6.7391405,7.211409,7.404733,7.693444,8.4207295,8.585128,9.1424475,9.709117,10.1518905,10.874586,11.6187695,12.6158705,13.437659,14.063446,14.736901,15.3694455,15.8015685,16.8032255,17.235782,17.67139,18.133008,18.3955815,18.934269,19.432437,372.7126015,40,9.317815037
1725840,Detection of carcinogens as mutagens in the Salmonella/microsome test: assay of 300 chemicals,,,,,,,,,,,,,,,,,,,,,,,,,,,,,,,,,,,,,,,,,,,,,,,,,,,,,,,,,,,,,,,,,,,,,,,,,,,,0.15,0.307777,0.6603485,1.4161685,2.034994,3.2796405,4.6031585,5.8101925,6.765669,7.732068,8.7092875,9.2785155,9.932004,10.542576,10.986191,11.5676165,12.2270635,12.6978615,13.2140495,13.665085,14.2067985,14.6114665,15.033211,15.4130335,15.9465955,16.5211275,237.312499,26,9.127403808
3423257,Limited-dependent and qualitative variables in econometrics,,,,,,,,,,,,,,,,,,,,,,,,,,,,,,,,,,,,,,,,,,,,,,,,,,,,,,,,,,,,,,,,,,,,,,,,,,,,,,,,,,,,0.15,0.15,0.415625,0.8725,1.5087165,2.4553955,3.616368,4.966593,6.3892465,7.502466,9.5136425,11.0090985,12.1360285,15.064848,18.0029835,20.859315,23.273978,26.0394955,163.9263,18,9.107016667
4591939,Proposed Fiber Cavities for Optical Masers,,,,,,,,,,,,,,,,,,,,,,,,,,,,,,,,,,,,,,,,,,,,,,,,,,,,,,,,,,,,,,0.2775,0.385875,0.5701125,0.864612,1.549304,1.980475,2.4145105,3.098888,3.854538,4.3069165,4.5511895,5.139602,5.714423,6.2050175,6.8542135,7.4649895,7.957624,8.4012305,8.6170795,9.109714,9.579611,9.922144,10.1969065,10.634427,11.038874,11.477321,11.9813625,12.7329665,13.030968,13.4956205,13.8200655,14.096018,14.7975485,15.219616,15.8561215,16.1041005,16.544732,16.9022845,17.1554315,17.3794065,361.28334,40,9.0320835
3797811,Moral Hazard and Observability,,,,,,,,,,,,,,,,,,,,,,,,,,,,,,,,,,,,,,,,,,,,,,,,,,,,,,,,,,,,,,,,,,,,,,,,,,,,,,,,,,,,,,,,,,,,,,,,,,7.5012675,8.43155,9.334964,10.728199,35.9959805,4,8.998995125
4576784,Progress in low temperature physics,,,,,,,,,,,,,,,,,,,,,,,,,,,,,,,,,,,,,,,,,,,,,,,,,,,,,,,,,,,,,,,,,1.914277,2.263559,2.327309,2.585641,3.185146,3.93964,4.3974075,4.5363485,4.989441,5.663151,6.4011805,6.5576655,7.1831295,7.588537,7.774024,8.080126,8.4920275,8.9028495,9.0057675,9.303259,9.4979515,9.648563,10.201862,10.2751235,10.444962,10.731293,11.463585,12.036451,12.6641165,12.9904315,14.023343,14.3512815,14.852059,15.249876,15.707958,16.2064915,16.4937575,331.9295915,37,8.971070041
392950,A robust layered control system for a mobile robot,,,,,,,,,,,,,,,,,,,,,,,,,,,,,,,,,,,,,,,,,,,,,,,,,,,,,,,,,,,,,,,,,,,,,,,,,,,,,,,,,,,,,,,0.15,0.181875,0.4917255,0.986213,1.88655,2.9616895,4.166335,6.1577915,8.0453015,11.006557,13.192961,16.194209,19.7791265,23.0407465,26.1916795,134.4327605,15,8.962184033
6039406,Theory of Stationary Electrode Polarography. Single Scan and Cyclic Methods Applied to Reversible Irreversible and Kinetic Systems.,,,,,,,,,,,,,,,,,,,,,,,,,,,,,,,,,,,,,,,,,,,,,,,,,,,,,,,,,,,,,,,,,0.224426,0.6464255,0.7901775,1.1001725,1.33286,1.38114,1.640322,1.7877545,2.3934985,2.8026035,3.1296325,3.3583165,3.7175605,4.042354,4.6818345,5.25493,5.830618,6.221822,6.761215,7.8575705,8.786476,9.8266295,10.817891,11.3916155,12.319552,12.5862565,13.420761,14.3162105,15.0316725,15.9678455,17.291729,18.649587,19.1512145,19.8232755,20.214539,20.7785905,21.4276505,326.7567295,37,8.831262959
4116602,On the social psychology of the psychological experiment: With particular reference to demand characteristics and their implications.,,,,,,,,,,,,,,,,,,,,,,,,,,,,,,,,,,,,,,,,,,,,,,,,,,,,,,,,,,,,,,,0.15,0.15,0.405,0.66,0.857625,1.1778625,1.4116125,1.769777,2.6325525,2.886269,3.6930975,4.0549595,4.6948905,5.211019,5.971463,6.4296555,7.1428225,7.670749,8.0092275,8.7000225,9.706227,10.422692,10.882746,11.4781625,12.3403515,12.653925,13.1153985,13.5386305,13.741466,14.0720565,14.4613395,14.7444065,15.470417,15.8784595,16.3565675,16.767517,17.03593,17.7662415,18.133161,342.2443,39,8.775494872
1574679,Current topics in cellular regulation,,,,,,,,,,,,,,,,,,,,,,,,,,,,,,,,,,,,,,,,,,,,,,,,,,,,,,,,,,,,,,,,,,,,,,,,,,,,,,,,,,,,,,,,,,,,,,,,,8.3219085,8.66411,8.7847165,8.8899465,9.052135,43.7128165,5,8.7425633
3514308,MICROASSAY OF BIOCHEMICAL STRUCTURAL COMPONENTS IN NERVOUS TISSUES. II. METHODS FOR CEREBROSIDES PROTEOLIPID PROTEINS AND RESIDUE PROTEINS.,,,,,,,,,,,,,,,,,,,,,,,,,,,,,,,,,,,,,,,,,,,,,,,,,,,,,,,,,,,,,,,,,,0.15,0.15,0.21375,0.29875,0.3882635,0.4899575,0.72953,1.1862435,1.349809,1.437359,1.812872,1.923338,2.2022315,2.3440285,2.5325925,2.903065,3.4240725,3.9212715,4.743077,5.5391445,7.0899865,8.628359,9.8026085,10.986565,12.611595,13.8890005,14.9433915,16.4155915,17.8130255,19.1050765,20.481524,22.1087555,23.5719965,24.871366,26.4444695,27.943419,314.4460855,36,8.734613486
6076243,ThÌ©orie des distributions,,,,,,,,,,,,,,,,,,,,,,,,,,,,,,,,,,,,,,,,,,,,,,,,,,,,,,,,,,0.356125,0.483625,0.711,1.074375,1.232577,1.254847,1.3910425,1.6885425,2.307878,2.999455,3.557633,4.0849985,4.4262395,4.7125705,4.870781,4.998672,5.446928,6.2000535,6.7192335,7.0165465,7.502602,8.18811,8.562399,9.4066785,9.7264825,10.133539,10.2489945,10.7725945,11.366787,12.117745,12.6072005,12.8068145,13.1187475,13.8517195,14.1015515,14.787136,15.3860715,15.8786295,16.738498,16.917967,17.497157,18.264877,18.9433895,19.5876385,384.0464525,44,8.728328466
4159108,Organic Growth Factor Requirements of Tobacco Tissue Cultures,,,,,,,,,,,,,,,,,,,,,,,,,,,,,,,,,,,,,,,,,,,,,,,,,,,,,,,,,,,,,,,,,,0.15,0.34125,0.440496,0.472371,0.599871,0.760521,1.015521,1.648533,1.999974,2.2080285,2.599003,3.084778,3.530025,4.4660535,5.087973,5.2330595,5.8179785,6.533823,7.0974325,7.5933565,8.6423075,9.466391,10.4631605,11.4191895,12.1871305,13.6097075,14.188022,15.7086295,16.3302345,17.263101,18.2515065,19.0839285,19.70119,20.843454,21.4072335,22.2922705,311.5375045,36,8.653819569
5142541,Singular Integrals and Differentiability Properties of Functions (PMS-30),,,,,,,,,,,,,,,,,,,,,,,,,,,,,,,,,,,,,,,,,,,,,,,,,,,,,,,,,,,,,,,,,,,,,,,,0.15,0.21375,0.405,0.46875,0.6504375,1.129625,1.6004825,2.3680325,2.7930325,3.1842875,3.7798145,4.4739925,4.998332,5.734449,6.615712,7.389773,8.0601255,8.8166425,9.6144355,10.302417,11.3358895,12.306275,13.7708845,15.121373,16.5478855,18.226712,19.7621265,21.6627775,22.8142895,24.9554225,259.2527265,30,8.64175755
6052326,Thermochemical properties of inorganic substances,,,,,,,,,,,,,,,,,,,,,,,,,,,,,,,,,,,,,,,,,,,,,,,,,,,,,,,,,,,,,,,,,,,,,,,,,,,,,,0.9704285,1.3602555,1.813416,1.930291,2.251693,2.55822,2.854462,3.958493,4.6096525,5.4289675,6.652041,7.6460565,8.4882535,9.399785,10.343166,11.1626935,12.143483,12.5424985,13.733646,15.312555,16.344829,17.360834,18.809914,19.5814845,207.2571185,24,8.635713271