avg_PR,avg_PR_val,max_PR,max_PR_val,median_PR,median_PR_val,min_PR,min_PR_val,avg_AR,avg_AR_val,max_AR,max_AR_val,median_AR,median_AR_val,min_AR,min_AR_val
Ulrich K. Laemmli,35.50143112068965,Joseph Sambrook,4942.3892095,Thomas R. Dawber,2.9129802499999995,McBride Ow,0.17400400000000002,Ulrich K. Laemmli,18.6326542183908,Oliver H. Lowry,2160.6190635000007,C Redmond,1.1851215000000002,McBride Ow,0.165453
Stephen F. Altschul,23.0412924527027,Tom Maniatis,4942.3892095,Tavia Gordon,2.5180320000000003,Dennis A. Senne,0.16337050000000006,Stephen F. Altschul,12.874065466216214,Joseph Sambrook,1502.146478,W. M. Cowan,1.1634847499999998,Dennis A. Senne,0.1596305
David J. Lipman,22.62252450625001,Oliver H. Lowry,4713.407514000001,C Redmond,2.28352125,Victor E. Koteliansky,0.15982600000000002,David J. Lipman,12.561464125000004,Tom Maniatis,1502.146478,Robert T. DeBoy,1.158474,Victor E. Koteliansky,0.15869550000000002
Tom Maniatis,20.38707761056105,Ulrich K. Laemmli,2664.8158415000007,Parkhurst A. Shore,2.24471875,Colm O'hUigin,0.15944350000000002,Oliver H. Lowry,8.934022588888897,Ulrich K. Laemmli,1408.8937855,Robert J. Dodson,1.1195355,Colm O'hUigin,0.15854250000000006
Oliver H. Lowry,19.520198933333297,Lars Hedin,2039.665534,W. M. Cowan,1.98925125,J J Mekalanos,0.15941800000000006,Tom Maniatis,7.046122628712869,Paul Meier,600.3728335000002,Hoda Khouri,1.1169855,J J Mekalanos,0.15732700000000002
Joseph Sambrook,17.173985859060384,Paul Meier,1335.0490069999996,Arthur Purdy Stout,1.9683625,K. H. Cowan,0.1565705,Mark S. Guyer,5.9156973732394365,Nicoletta Sacchi,422.102206,Tavia Gordon,1.1055104999999998,K. H. Cowan,0.1540545
Lars Hedin,14.926408619718325,Linus Pauling,1062.8828659999997,G. E. Palade,1.7360829999999996,B. A. Roe,0.15478550000000002,Kary B. Mullis,5.5021838015872975,Marshal F. Folstein,383.73792349999997,Thomas R. Dawber,1.0979795,B. A. Roe,0.15384200000000006
Kary B. Mullis,13.438515611111104,David S. Johnson,1062.5223554999998,A. L. Hodgkin,1.6695875,Donna Van Engen,0.15413949999999998,Theophil Staehelin,5.422972374999996,Susan E. Folstein,383.73792349999997,Ellen E. Walters,1.0158865,Jun Lin Guan,0.15348500000000004
William H. Stein,12.567903300000001,Max Born,1033.047322,J L Goldstein,1.61592275,Per Olof Nyman,0.15404600000000002,Joseph Sambrook,5.399066439597318,Saul A. Teukolsky,379.590731,W. James Kent,0.98560525,Per Olof Nyman,0.153383
Randall K. Saiki,12.030607709459446,E. Wolf,1033.047322,John C. Cassel,1.5574045,Jun Lin Guan,0.1536975,Koichiro Tamura,5.380319899999999,Eugene W. Myers,377.10028200000005,J L Goldstein,0.96638675,Jana S. McBride,0.15272850000000002
Stanford Moore,11.630969513043482,Saul A. Teukolsky,983.9231275000003,Jerome Vinograd,1.5477995000000004,Jana S. McBride,0.15314500000000006,Desmond G. Higgins,4.936433146616542,David J. Lipman,377.10028200000005,Katherine W. Timothy,0.96199225,T. Aitchison,0.15243950000000006
Theophil Staehelin,10.459418249999997,G. M. Sheldrick,916.4720999999997,Katherine W. Timothy,1.52651125,T. Aitchison,0.15277100000000002,Lucinda Fulton,4.911550493150684,Webb Miller,377.10028200000005,Robert C. Onofrio,0.9331219999999999,Donna Van Engen,0.15237150000000002
Mark S. Guyer,9.793896000000002,R. A. Fisher,810.1715844999999,Robert T. DeBoy,1.5095070000000002,Siegfried W. de Laat,0.15224400000000002,William T. Friedewald,4.879249990740743,Stephen F. Altschul,377.10028200000005,H. R. Horvitz,0.92546775,Siegfried W. de Laat,0.15202300000000002
Saul A. Teukolsky,9.395554907166149,David E. Goldberg,801.7872355000002,Stephen F. Altschul,1.49666775,Werner E. Mayer,0.15198050000000005,Randall K. Saiki,4.855073918918918,David S. Johnson,373.39374649999996,Ivica Letunic,0.918349,Werner E. Mayer,0.15176800000000004
William T. Friedewald,8.964273648148149,Ronald L. Rivest,750.9241450000002,Robert J. Dodson,1.48668875,Barrie Entsch,0.15179350000000005,W. James Kent,4.842709864864863,G. M. Sheldrick,371.88765699999993,Erika Schmid,0.9049275,Barrie Entsch,0.15164900000000006
Paul Meier,8.787056688775541,Folke Skoog,745.8011269999997,J. R. Asbridge,1.4733820000000004,Li Yuan Yu-Lee,0.15147900000000006,Arian Smit,4.724848913461539,David E. Goldberg,362.821795,Taylor A. Sohn,0.8970905,Li Yuan Yu-Lee,0.15136000000000002
Amos Tversky,8.767231539583348,Nicoletta Sacchi,731.224188,Ellen E. Walters,1.4666414999999997,Marvin H. Stromer,0.1506375,Harry Towbin,4.392562499999999,Folke Skoog,358.67329349999994,Stephen F. Altschul,0.8831419999999999,Marvin H. Stromer,0.15050150000000004
Sidney P. Colowick,8.708221635416665,Sidney P. Colowick,716.1259609999997,Erika Schmid,1.456161,Graham Tc,0.15052700000000002,Amos Tversky,4.368479839583326,Jinghui Zhang,341.19911250000007,Mark S. Guyer,0.8620874999999999,S. Qasim Mehdi,0.1505015
A. F. Huxley,8.368940366071426,Nathan O. Kaplan,716.1259609999997,Mark S. Guyer,1.4355485000000001,S. Qasim Mehdi,0.15051850000000006,Eugene W. Myers,4.359116426174497,Zheng Zhang,341.19911250000007,Nikola P. Pavletich,0.84785,Graham Tc,0.15049300000000002
Harry Towbin,8.09987160625,Edward A. Dennis,716.1259609999997,Hoda Khouri,1.4335680000000002,Oliver Zerbe,0.15000000000000002,Julie D. Thompson,4.298280621428567,Alejandro A. Schäffer,341.19911250000007,G. E. Palade,0.8435575000000001,Oliver Zerbe,0.15000000000000002
Koichiro Tamura,8.074872599999992,Donald B. Rubin,695.8230735000002,H. R. Horvitz,1.4314982499999998,Olivera Stojadinovic,0.15000000000000002,Masatoshi Nei,4.148148777777776,Lars Hedin,324.3165825000001,Corey S. Goodman,0.823472,Olivera Stojadinovic,0.15000000000000002
W. James Kent,8.072425574324322,Nan M. Laird,695.8230735000002,W. James Kent,1.42284525,Olivera J. Finn,0.15000000000000002,Carole A. Cull,4.1254693906250015,Harry Towbin,318.02294449999994,M S Brown,0.8229280000000002,Olivera J. Finn,0.15000000000000002
Lucinda Fulton,8.016209143835615,Marshal F. Folstein,691.3541475,M S Brown,1.362406,Oliver von Bohlen und Halbach,0.15000000000000002,Jeffrey Vieira,4.121233666666669,Gordon J,318.02294449999994,Jorja G. Henikoff,0.8162469999999998,Oliver von Bohlen und Halbach,0.15000000000000002
Arian Smit,7.993313538461537,Susan E. Folstein,691.3541475,M. H. F. Wilkins,1.360281,Oliver Zolk,0.15000000000000002,Alan Coulson,4.070809527272727,Theophil Staehelin,318.02294449999994,A. L. Hodgkin,0.81599625,Oliver Zolk,0.15000000000000002
Torsten N. Wiesel,7.961387611111107,D. R. Cox,683.0543479999998,Taylor A. Sohn,1.3360305,Oliver Zierau,0.15000000000000002,Paul Meier,4.002976752551014,Marjorie B. Lees,316.42774949999995,Claudia A. Seipp,0.8121414999999998,Oliver Zierau,0.15000000000000002
Jeffrey Vieira,7.913589999999999,Eugene W. Myers,671.087827,Jorja G. Henikoff,1.3328770000000003,Olivier Aumont,0.15000000000000002,Terrence S. Furey,3.921193851351352,D. R. Cox,299.647194,Richard R. Hudson,0.8074239999999999,Olivier Aumont,0.15000000000000002
Folke Skoog,7.7898373774834475,David J. Lipman,671.087827,James H. Jandl,1.31920475,Olivier Aznar,0.15000000000000002,William H. Stein,3.9075187684210513,Julie D. Thompson,298.8093659999999,Akira Nagafuchi,0.7941215,Olivier Aznar,0.15000000000000002
Marilyn Bergner,7.7794600156249984,Webb Miller,671.087827,Claudia A. Seipp,1.272765,Olivia Boyer,0.15000000000000002,Josep F. Abril,3.8575277962962966,Desmond G. Higgins,298.8093659999999,Parkhurst A. Shore,0.79189875,Olivia Boyer,0.15000000000000002
Eugene W. Myers,7.745312882550337,Stephen F. Altschul,671.087827,William H. Stein,1.2703764999999998,Olivier Balmes,0.15000000000000002,Toby J. Gibson,3.8143345088757368,Toby J. Gibson,298.8093659999999,Jeremy D. Selengut,0.7816774999999999,Olivier Balmes,0.15000000000000002
Thomas R. Dawber,7.642534185,Edwin M. Southern,648.880115,Harold Weintraub,1.262684,Oliver Zeitz,0.15000000000000002,Katherine M. Flegal,3.7723952512690335,Edwin M. Southern,286.95640500000013,Michael VonKorff,0.7802580000000001,Oliver Zeitz,0.15000000000000002
Desmond G. Higgins,7.564525714285714,Marjorie B. Lees,617.6899940000002,David S. Hogness,1.2623907500000002,Olivier Barbier,0.15000000000000002,C Redmond,3.767959732142857,Nan M. Laird,284.56389300000006,Lucinda Fulton,0.7763225,Olivier Barbier,0.15000000000000002
Alan Coulson,7.555357790909087,Isaac L. Chuang,609.7629280000001,F. Sanger,1.2490924999999995,Oliver Yu,0.15000000000000002,Stanford Moore,3.727466917391304,Donald B. Rubin,284.56389300000006,Tom Maniatis,0.7762800000000001,Oliver Yu,0.15000000000000002
A. L. Hodgkin,7.50562048076923,Theophil Staehelin,599.3625149999998,Ivica Letunic,1.2346,Oliver Yoa-Pu Hu,0.15000000000000002,Michael C. Wendl,3.6971255229885065,Masatoshi Nei,252.84715450000007,Albert J. Belanger,0.7756382500000001,Oliver Yoa-Pu Hu,0.15000000000000002
Leon Festinger,7.410507421874998,Gordon J,599.3625149999998,B. Frank Polk,1.2269330000000005,Oliver Y. Martin,0.15000000000000002,I. M. Stratton,3.674888375,Naruya Saitou,252.84715450000007,Kenneth J. Kemphues,0.76888075,Oliver Y. Martin,0.15000000000000002
Carole A. Cull,7.355377351562498,Harry Towbin,599.3625149999998,Robert C. Onofrio,1.2241705000000005,Olivia Befani,0.15000000000000002,A. F. Huxley,3.628079482142855,E. Wolf,247.24636,J. R. Asbridge,0.7679159999999998,Olivia Befani,0.15000000000000002
G. E. Palade,7.347475956140351,Jinghui Zhang,587.2350890000001,Patrick Brill-Edwards,1.2205750000000002,Olivia McAuliffe,0.15000000000000002,Michael C. Zody,3.5500588928571437,Max Born,247.24636,John W. Newport,0.766437,Olivia McAuliffe,0.15000000000000002
Masatoshi Nei,7.310998436728394,Alejandro A. Schäffer,587.2350890000001,Kenneth J. Kemphues,1.207468,Olivia M. Pereira-Smith,0.15000000000000002,Felsenfeld Al,3.5418682321428583,Stanley Lemeshow,242.84231450000001,Leland H. Hartwell,0.76149425,Olivia M. Pereira-Smith,0.15000000000000002
C Redmond,7.1300979999999985,Zheng Zhang,587.2350890000001,Don W. Fawcett,1.1983305000000002,Olivia Harris,0.15000000000000002,James I. Cleeman,3.5118876721311483,David W. Hosmer,242.84231450000001,Harold Weintraub,0.7434954999999998,Olivia Harris,0.15000000000000002
John G. Kirkwood,7.05704722093023,Harry Smith,571.8986664999998,Carroll M. Williams,1.18583125,Olivia M. Martinez,0.15000000000000002,Marjorie B. Lees,3.498777774038459,John H. Holland,239.0763385,Naoufal Zamzami,0.74247125,Olivia M. Martinez,0.15000000000000002
Rebecca DerSimonian,6.79543294,Marshall N. Rosenbluth,564.7682715000002,Leland H. Hartwell,1.1834002500000005,Olivia Kershaw,0.15000000000000002,Rebecca DerSimonian,3.4805682600000005,Charles Watson,233.781068,M. P. Austin,0.7257475,Olivia Kershaw,0.15000000000000002
Marjorie B. Lees,6.774530086538464,John H. Holland,537.4055475,Norman K. Wessells,1.1602249999999998,Olivia Keiser,0.15000000000000002,Kenneth J. Livak,3.472142449152537,George Paxinos,233.781068,Marianne Kearney,0.7238690000000001,Olivia Keiser,0.15000000000000002
Terrence S. Furey,6.727183067567568,Jeffrey H Miller,535.1492055,R. J. Winchester,1.1588140000000002,Olivia Pagani,0.15000000000000002,Jacques Ferlay,3.4546702559999987,J Martin Bland,225.29856100000003,John C. Cassel,0.7180805000000001,Olivia Pagani,0.15000000000000002
Eli Robins,6.7024211250000025,Miller Ja,535.1492055,Michael VonKorff,1.1581425000000003,Olivia Reinaud,0.15000000000000002,Folke Skoog,3.3896285298013225,Douglas G. Altman,225.29856100000003,Arthur Purdy Stout,0.7130909999999999,Olivia Reinaud,0.15000000000000002
Richard Helm,6.676928385542161,J. F. A. P. Miller,535.1492055,Nikola P. Pavletich,1.1509770000000001,Olivia I. Okereke,0.15000000000000002,Jane Peterson,3.377161673267325,F. Smith,222.30103599999998,Gary Struhl,0.712105,Olivia I. Okereke,0.15000000000000002
I. M. Stratton,6.603055173076924,Joseph O. Hirschfelder,517.772613,Sidney Udenfriend,1.146778,Olivia Hurtado,0.15000000000000002,Daniel Kahneman,3.3481718398791536,Gary G. Koch,213.87061699999998,Richard Tizard,0.7109065000000001,Olivia Hurtado,0.15000000000000002
Josep F. Abril,6.52228802777777,J. S. Bell,516.3479194999999,Lawrence Garfinkel,1.146268,Olivia Gosseries,0.15000000000000002,Saul A. Teukolsky,3.3393531107491805,Mary Osborn,207.8681125,Pascal Haffter,0.700426,Olivia Gosseries,0.15000000000000002
Julie D. Thompson,6.514283382142852,Stanley Lemeshow,493.9296625,Corey S. Goodman,1.1361359999999998,Olivia Carter-Pokras,0.15000000000000002,Steven E. Scherer,3.3167669545454546,Klaus Weber,207.8681125,M Klagsbrun,0.6959720000000001,Olivia Carter-Pokras,0.15000000000000002
R. A. Fisher,6.491161795138911,David W. Hosmer,493.9296625,Albert J. Belanger,1.1274787500000003,Oliver Y. Gutiérrez,0.15000000000000002,Kara Dolinski,3.2970504318181817,Andrew P. Feinberg,207.7609785,David J. Dooling,0.6931754999999999,Oliver Y. Gutiérrez,0.15000000000000002
Katherine M. Flegal,6.442795939086294,S. Chandrasekhar,488.6436909999998,Tom Maniatis,1.1256895000000002,Olivia Fromigué,0.15000000000000002,LaDeana W. Hillier,3.287995623893804,Bert Vogelstein,207.7609785,Jerome Vinograd,0.6909654999999999,Olivia Fromigué,0.15000000000000002
Daniel Kahneman,6.3866268821752366,Geoffrey E. Hinton,484.6708504999999,Richard Tizard,1.1242997500000005,Olivia Steele-Mortimer,0.15000000000000002,Webb Miller,3.2590072306547624,Nathan O. Kaplan,205.7042845,Lynn A. G. Ries,0.6892527500000001,Olivia Steele-Mortimer,0.15000000000000002
Joseph L. Fleiss,6.289152447916664,Mary Osborn,481.69880000000006,Daniel McGee,1.1232500000000003,Olivier Adotevi,0.15000000000000002,Sean R. Eddy,3.2578233020833327,Edward A. Dennis,205.7042845,Don W. Fawcett,0.6883644999999999,Olivier Adotevi,0.15000000000000002
Russell Higuchi,6.2202693333333245,Klaus Weber,481.69880000000006,Max H. Myers,1.1202240000000003,Olivia Fletcher,0.15000000000000002,Nicoletta Sacchi,3.2577673187919385,Sidney P. Colowick,205.7042845,Jérôme Giraudat,0.68791825,Olivia Fletcher,0.15000000000000002
B. G. Barrell,6.163210369158878,Julie D. Thompson,477.5991395,Akira Nagafuchi,1.11869825,Olivier Alard,0.15000000000000002,Susan E. Folstein,3.2448902171428564,Aaron T. Beck,204.983765,F. W. Alt,0.6871192500000001,Olivier Alard,0.15000000000000002
Michael C. Wendl,6.145783540229883,Desmond G. Higgins,477.5991395,Richard R. Hudson,1.1163225,Olivier Andreoletti,0.15000000000000002,Deanna M. Church,3.2431107012987024,James Kennedy,202.9720445,Kim Nasmyth,0.6839359999999999,Olivier Andreoletti,0.15000000000000002
E. Kellenberger,6.140783643939392,Toby J. Gibson,477.5991395,Jeffrey M. Piehler,1.115668,Olivia García-Suárez,0.15000000000000002,John E. Ware,3.1696208241279082,Marshall N. Rosenbluth,201.8539885,J. D. A. Van Embden,0.6836215,Olivia García-Suárez,0.15000000000000002
John H. Holland,6.1103009304635725,C. N. R. Rao,475.525284,William B. Kannel,1.1088765,A A Pitsillides,0.15000000000000002,Margaret D. Carroll,3.168385478260869,David G. Lowe,200.10961000000003,Patrick Brill-Edwards,0.6813774999999999,A A Pitsillides,0.15000000000000002
James I. Cleeman,6.094596786885242,Wang,471.761399,Stanford Moore,1.1083835,Oliver Wrong,0.15000000000000002,Marilyn Bergner,3.167795640625,Jacob Cohen,196.2929145,Joan Cornoni-Huntley,0.676575,Oliver Wrong,0.15000000000000002
N. E. Day,6.005238168032785,P. J. Flory,465.2436755,William P. Castelli,1.1062245000000002,Oliver Ullrich,0.15000000000000002,A. L. Hodgkin,3.15506973076923,Patricia Cohen,196.2929145,P De Camilli,0.6737275000000001,Oliver Ullrich,0.15000000000000002
John E. Ware,5.971838606104658,F. Smith,461.4562115,Earl W. Sutherland,1.1030242499999998,Oliver Tschauner,0.15000000000000002,Torsten N. Wiesel,3.1271032777777776,Linus Pauling,193.2518695,Joseph L. Goldstein,0.6696049999999999,Oliver Tschauner,0.15000000000000002
Parkhurst A. Shore,5.958040171874997,Myunghee C. Paik,454.56377399999985,V. G. Allfrey,1.0973929999999998,Oliver Trapp,0.15000000000000002,Marshal F. Folstein,3.10943619170984,Harry Smith,190.8550395,Joan Massagué,0.6688229999999998,Oliver Trapp,0.15000000000000002
Felsenfeld Al,5.876095883928566,Joseph L. Fleiss,454.56377399999985,Abraham Kagan,1.0958799999999995,Oliver Thomusch,0.15000000000000002,Tobias Doerks,3.0960307857142864,John M. Chirgwin,189.6461865,Hugh R.B. Pelham,0.667701,Oliver Thomusch,0.15000000000000002
Michael C. Zody,5.869607378571428,Bruce Levin,454.56377399999985,J. D. A. Van Embden,1.0946559999999999,Oliver Thomas,0.15000000000000002,Catherine A. Ball,3.084877131250001,Raymond J. MacDonald,189.6461865,Daniel McGee,0.6669275,Oliver Thomas,0.15000000000000002
Toby J. Gibson,5.785591789940826,Benoit B. Mandelbrot,454.17282500000016,Allan C. Wilson,1.090848,Oliver Thews,0.15000000000000002,David P. Bartel,3.083369165865384,William J. Rutter,189.6461865,Srinivasa M. Srinivasula,0.66376975,Oliver Thews,0.15000000000000002
LaDeana W. Hillier,5.776614942477872,Bert Vogelstein,432.1267150000001,P. F. Scholander,1.0890800000000005,Oliver T. Wolf,0.15000000000000002,Russell Higuchi,3.061445695402301,Tim R. Mosmann,187.29721999999998,David S. Hogness,0.66006375,Oliver T. Wolf,0.15000000000000002
David A. Hungerford,5.757985173076923,Andrew P. Feinberg,432.1267150000001,David R. Redwood,1.0806225,Oliver T. Keppler,0.15000000000000002,B. G. Barrell,3.0581431308411204,Charles R. Johnson,187.1728225,Michael L. Frigge,0.6584572500000001,Oliver T. Keppler,0.15000000000000002
P. Armitage,5.709226518656716,Ed Harlow,429.05074350000007,J.Ward Kennedy,1.0778855000000005,Oliver T. Fackler,0.15000000000000002,Renaud Capdeville,3.052902544642858,Myunghee C. Paik,185.847375,James H. Jandl,0.6582192499999998,Oliver T. Fackler,0.15000000000000002
Steven E. Scherer,5.68253888181818,David Lane,429.05074350000007,M. Lois Murphy,1.073865,Oliver T. Bruns,0.15000000000000002,Mark T. Ross,3.043689980769232,Bruce Levin,185.847375,Paulson Jc,0.6571779999999999,Oliver T. Bruns,0.15000000000000002
Nicoletta Sacchi,5.6661098557046925,J Martin Bland,425.55934299999996,Lynn A. G. Ries,1.0737757500000005,Oliver Stumper,0.15000000000000002,Aravind Subramanian,3.023182817460319,Joseph L. Fleiss,185.847375,William B. Kannel,0.6556735,Oliver Stumper,0.15000000000000002
Edwin M. Southern,5.636381770072994,Douglas G. Altman,425.55934299999996,Richard B. Shekelle,1.0713915,Oliver Strohm,0.15000000000000002,Todd M. Lowe,2.9962645820895526,Sumio Iijima,185.79952850000004,Allan C. Wilson,0.6544622499999999,Oliver Strohm,0.15000000000000002
Webb Miller,5.628769208333335,Charles R. Johnson,419.8162415,N. Raphael Shulman,1.067983,Oliver Stork,0.15000000000000002,Richard H. Creech,2.973903865079365,John P. Perdew,184.5760725,Laurie Davidson,0.653149,Oliver Stork,0.15000000000000002
Kara Dolinski,5.621880537878785,John Matthews,419.22800749999993,Jeremy D. Selengut,1.0658835000000002,Oliver Stoeltzing,0.15000000000000002,Granger G. Sutton,2.954710518867926,Kieron Burke,184.5760725,Jun Song Chen,0.652758,Oliver Stoeltzing,0.15000000000000002
Geoffrey E. Hinton,5.574407763586959,P. Armitage,419.22800749999993,Betty J. Flehinger,1.0650802499999998,Oliver Stiedl,0.15000000000000002,Michael B. Eisen,2.9429665025380682,Thomas D. Schmittgen,183.976406,R W Mahley,0.6490265000000002,Oliver Stiedl,0.15000000000000002
Nathan Mantel,5.570693867537313,Aaron T. Beck,418.2275404999999,Lucinda Fulton,1.0616335,Oliver Stich,0.15000000000000002,Kevin McKernan,2.9366916800000014,Kenneth J. Livak,183.976406,Norman K. Wessells,0.6425239999999999,Oliver Stich,0.15000000000000002
Nan M. Laird,5.563993463806975,James Kennedy,418.1180095,John W. Newport,1.0531760000000001,Oliver Steinbock,0.15000000000000002,Martin Gibson,2.9129073928571456,Ronald L. Rivest,176.60043750000003,James I. Cleeman,0.6413340000000001,Oliver Steinbock,0.15000000000000002
Jane Peterson,5.561131811881185,Tetsuo Maita,414.53733349999993,James G. Hirsch,1.0509405,Oliver Steigelmann,0.15000000000000002,Ellen E. Walters,2.8859887741935486,Robert Tibshirani,173.50951450000005,M. A. Fiatarone,0.6407134999999998,Oliver Steigelmann,0.15000000000000002
Susan E. Folstein,5.552500622857144,Gerhard Braunitzer,414.53733349999993,A E Weyman,1.04761275,Oliver Stegle,0.15000000000000002,Martin Ringwald,2.880284093333335,Weitao Yang,172.86584349999995,Carol Churcher,0.6384610000000001,Oliver Stegle,0.15000000000000002
Deanna M. Church,5.552075318181815,Genji Matsuda,414.53733349999993,D. R. Curtis,1.0459977500000002,Oliver Speck,0.15000000000000002,Edward J. Roccella,2.8707558584905666,Robert G. Parr,172.86584349999995,Marek Kubin,0.6377342499999998,Oliver Speck,0.15000000000000002
Marshal F. Folstein,5.550981080310888,Naruya Saitou,410.3333695,M Klagsbrun,1.0452795,Oliver Tüscher,0.15000000000000002,Richard Helm,2.865680566265062,Miller Ja,170.18760400000005,Gerald M. Rubin,0.636727,Oliver Tüscher,0.15000000000000002
David S. Johnson,5.546929501432679,Masatoshi Nei,410.3333695,David H. Culver,1.044285,Oliver Valerius,0.15000000000000002,Jeffrey C. Lee,2.854716413793104,Jeffrey H Miller,170.18760400000005,Richard D. Klausner,0.634721,Oliver Valerius,0.15000000000000002
Renaud Capdeville,5.539595758928572,William Haenszel,409.59177850000003,John G. Kirkwood,1.03931675,Oliver Witzke,0.15000000000000002,Tim R. Mosmann,2.8516278910614496,J. F. A. P. Miller,170.18760400000005,William P. Castelli,0.6328169999999999,Oliver Witzke,0.15000000000000002
Tavia Gordon,5.5351419714285734,Nathan Mantel,409.59177850000003,Paulson Jc,1.0351815000000002,Oliver Vonend,0.15000000000000002,Leon Festinger,2.84204296875,Benoit B. Mandelbrot,169.30185299999997,D. C. Van Essen,0.6327830000000001,Oliver Vonend,0.15000000000000002
Sean R. Eddy,5.5303746249999985,Richard M. Karp,408.67887850000005,Dennis Slone,1.029002,Oliver Wirths,0.15000000000000002,John P. Huelsenbeck,2.83458305,Amos Tversky,168.20654300000004,E. P. Greenberg,0.6324005,Oliver Wirths,0.15000000000000002
Catherine A. Ball,5.498627443749998,Robert D. Braun,400.4299005,M. P. Austin,1.0264094999999998,Oliver Wildner,0.15000000000000002,Timothy Fennell,2.8335053301886792,Daniel Kahneman,168.20654300000004,Jonathan A. Raper,0.6298845000000001,Oliver Wildner,0.15000000000000002
R W Davis,5.4946813908045975,Jacob Cohen,400.056555,Solomon A. Berson,1.0186320000000002,Olivier Barthelemy,0.15000000000000002,Stephen T. Sherry,2.8306249400000003,Geoffrey E. Hinton,165.77650350000005,P Leder,0.6298590000000001,Olivier Barthelemy,0.15000000000000002
Sidney J. Cutler,5.48114475,Gary G. Koch,399.5654675000001,David J. Dooling,1.0181305,Oliver Wieben,0.15000000000000002,Thomas R. Dawber,2.8304308850000006,Donald Geman,162.70748500000005,Peter J. Savage,0.6298505000000001,Oliver Wieben,0.15000000000000002
Richard H. Creech,5.47956287301587,L. H. Bennett,399.4594725,F. W. Alt,1.016677,Oliver Wessely,0.15000000000000002,Wayne J. Higgins,2.8239684200000017,Cathy D. Sherbourne,157.301485,Ulrich K. Laemmli,0.6283460000000001,Oliver Wessely,0.15000000000000002
Qui-Lim Choo,5.4740316348314595,Donald Geman,390.88729049999984,Philip J. Held,1.0130135,Oliver Werzer,0.15000000000000002,Parnesh Raniga,2.8097024166666693,John E. Ware,157.301485,George K. Aghajanian,0.6259702499999998,Oliver Werzer,0.15000000000000002
J. Gillis,5.464086372294369,Raymond J. MacDonald,383.3882845,Robert A. Rosati,1.00922675,Oliver Werz,0.15000000000000002,Jane G. Schaller,2.795024700000001,Isaac L. Chuang,157.29601100000005,Uwe Schönbeck,0.6227274999999999,Oliver Werz,0.15000000000000002
Margaret D. Carroll,5.453607817391303,John M. Chirgwin,383.3882845,Colin Feyerabend,1.0089164999999998,Oliver Welz,0.15000000000000002,Carl-Magnus Rudenstam,2.78975643,Robert I. Levy,153.99119400000004,R. J. Winchester,0.6213165,Oliver Welz,0.15000000000000002
Elizabeth Lacy,5.453605110169488,William J. Rutter,383.3882845,Marianne Kearney,1.0068595000000002,Oliver Weigert,0.15000000000000002,Nj Bell,2.7810756759259267,William T. Friedewald,153.99119400000004,S L Kunkel,0.6191150000000001,Oliver Weigert,0.15000000000000002
William Haenszel,5.410531540909092,Charles Watson,379.20084450000013,Paul J. Flory,0.996549,Oliver Weichenrieder,0.15000000000000002,R W Davis,2.7693982011494263,Donald S. Fredrickson,153.99119400000004,Earl W. Sutherland,0.616786,Oliver Weichenrieder,0.15000000000000002
Anthony R. Kerlavage,5.40223371212121,George Paxinos,379.20084450000013,Gary Struhl,0.9956225,Oliver Warschkow,0.15000000000000002,John H. Holland,2.7641035099337707,George Scatchard,153.51702999999995,Lily Y. Jan,0.6145292499999999,Oliver Warschkow,0.15000000000000002
David G. Lowe,5.344118407035173,George A. Miller,374.6402375,Henry G. Kunkel,0.9925879999999999,Oliver Waldmann,0.15000000000000002,David J. Dooling,2.760636836363637,William Haenszel,152.325704,B. G. Barrell,0.6136750000000001,Oliver Waldmann,0.15000000000000002
D. R. Cox,5.3158937761194105,Jacob N. Israelachvili,374.0272175,Joan Cornoni-Huntley,0.9882275,Oliver Waidmann,0.15000000000000002,David R. Bentley,2.755598350877193,Nathan Mantel,152.325704,Lawrence Garfinkel,0.6134412499999999,Oliver Waidmann,0.15000000000000002
F. Sanger,5.309912967532468,Sumio Iijima,371.6377995,Naoufal Zamzami,0.9867484999999998,Oliver Wagner,0.15000000000000002,Thomas D. Schmittgen,2.7506275679611623,Shelley E. Taylor,151.991399,David H. Culver,0.6104875,Oliver Wagner,0.15000000000000002
Kenneth J. Livak,5.266744855932197,John D. Ferry,367.27295600000014,Yvonne Stirling,0.98353125,Oliver W. Sakowitz,0.15000000000000002,Robert C. Onofrio,2.7500289076923083,Susan T. Fiske,151.991399,Abraham Kagan,0.6089659999999999,Oliver W. Sakowitz,0.15000000000000002
Michael L. Watson,5.260505381818182,Patricia Cohen,366.8461795,B. G. Barrell,0.9793959999999998,Oliver W. M. Rauhut,0.15000000000000002,Patrick O. Brown,2.74644960178117,D. Taylor,151.991399,Elizabeth D. Hay,0.6076060000000001,Oliver W. M. Rauhut,0.15000000000000002
Mark T. Ross,5.214497897435896,P. G. Smith,366.289812,L.L.M. van Deenen,0.9780785,Oliver W. Jones,0.15000000000000002,Ian Korf,2.7445098424657526,Daniel L. Schacter,151.991399,W. Michael O'Fallon,0.6050900000000001,Oliver W. Jones,0.15000000000000002
Martin Gibson,5.20472566071428,Malcolm C. Pike,366.289812,Gerald M. Rubin,0.97705,Oliver W. Howarth,0.15000000000000002,N. E. Day,2.738962954918033,John M. Darley,151.991399,Arian Smit,0.6035217500000001,Oliver W. Howarth,0.15000000000000002
Michael B. Eisen,5.184005956852787,Julian Peto,366.289812,P De Camilli,0.974857,Oliver W. Hakenberg,0.15000000000000002,Karen O'Rourke,2.7369196698113205,Mark R. Rosenzweig,151.991399,John R. Glenney,0.60309675,Oliver W. Hakenberg,0.15000000000000002
Tobias Doerks,5.169363383928571,David R. Cox,366.289812,R W Mahley,0.9742875,Olivier Baron,0.15000000000000002,David G. Lowe,2.727037432160802,Robert J. Sternberg,151.991399,Arthur M. Sobol,0.6007295,Olivier Baron,0.15000000000000002
David R. Cox,5.163874162729674,Richard Peto,366.289812,Joseph L. Goldstein,0.9712274999999998,Olivier Berger,0.15000000000000002,Richard R. Copley,2.722041726804124,Ross L. Prentice,151.6267575,Demetrios Papahadjopoulos,0.6001005,Olivier Berger,0.15000000000000002
Michael R. Hee,5.1479808749999965,Robert Tibshirani,362.47426400000006,George Brawerman,0.97099375,Olivier Basset,0.15000000000000002,Gavin Sherlock,2.716152549999999,C. N. R. Rao,150.63261450000005,Keaven M. Anderson,0.598851,Olivier Basset,0.15000000000000002
Granger G. Sutton,5.108430174528299,David G. Lowe,359.16557950000015,James M. Woodruff,0.97001625,Olivier Chinot,0.15000000000000002,Mary Burden,2.684372294642859,David A. Drachman,149.271042,G Blobel,0.5980605,Olivier Chinot,0.15000000000000002
Jacques Ferlay,5.102005956,Ross L. Prentice,354.0073035000001,Demetrios Papahadjopoulos,0.9686094999999999,Olivier David,0.15000000000000002,Cynthia L. Ogden,2.6776720624999983,Robert Katzman,149.271042,Frank E. Speizer,0.5976015000000001,Olivier David,0.15000000000000002
Tetsuo Maita,5.0874980872092985,William H. Stein,349.42157049999986,Richard G. Wyatt,0.9682355,Olivier Danos,0.15000000000000002,Joseph L. Fleiss,2.6722271059027767,Donald L. Price,149.271042,Helen Rayburn,0.595349,Olivier Danos,0.15000000000000002
Todd M. Lowe,5.065050276119403,Stanford Moore,349.42157049999986,K. R. Chan,0.9661274999999999,Olivier Dangles,0.15000000000000002,Lars Hedin,2.6676067992957693,Guy M. McKhann,149.271042,Richard B. Shekelle,0.5944947500000002,Olivier Dangles,0.15000000000000002
Peter W. J. Rigby,5.048605420000002,R. Mead,348.52244900000017,Richard D. Klausner,0.9590299999999999,Olivier D. Christophe,0.15000000000000002,Sidney P. Colowick,2.6669906041666684,P. Armitage,149.06030149999995,G. D. Farquhar,0.59294775,Olivier D. Christophe,0.15000000000000002
Richard M. Karp,5.045439966408272,Daniel Kahneman,346.8743755,Robert P. Perry,0.95735125,Olivier Cuvillier,0.15000000000000002,Jill P. Mesirov,2.6646561414141403,John Matthews,149.06030149999995,Thomas Jenuwein,0.5915665,Olivier Cuvillier,0.15000000000000002
David L. Donoho,5.009885277003481,Amos Tversky,346.8743755,Frank T. Lindgren,0.9570835,Olivier Cussenot,0.15000000000000002,Jeremy Peterson,2.658280847457628,Malcolm C. Pike,142.709671,Max H. Myers,0.5907505000000001,Olivier Cussenot,0.15000000000000002
Parnesh Raniga,4.999071814814811,George Scatchard,345.217411,James I. Cleeman,0.9563780000000001,Olivier Coux,0.15000000000000002,Victor R. Ambros,2.6572783347826063,Julian Peto,142.709671,Robin B. Foster,0.590504,Olivier Coux,0.15000000000000002
Carl-Magnus Rudenstam,4.9955287,Kazuo Nakamoto,343.735232,Bernard B. Brodie,0.9554005,Olivier Coulon,0.15000000000000002,Anthony R. Kerlavage,2.652930090909091,David R. Cox,142.709671,Sandra Melnick,0.5893055,Olivier Coulon,0.15000000000000002
Martin Ringwald,4.9857373800000016,Donald R. Huffman,343.60252150000014,E. P. Greenberg,0.9549839999999996,Olivier Coulembier,0.15000000000000002,Sergey V. Morozov,2.650490920731708,Richard Peto,142.709671,Ellson Y. Chen,0.5882940000000001,Olivier Coulembier,0.15000000000000002
Jane G. Schaller,4.978032199999999,Ralph E. Johnson,343.32882999999987,John W. Pickren,0.9546015,Olivier Corminboeuf,0.15000000000000002,G. E. Palade,2.641577263157894,P. G. Smith,142.709671,Scott D. Emr,0.5880475000000001,Olivier Corminboeuf,0.15000000000000002
Kevin McKernan,4.96756846,Richard Helm,343.32882999999987,Sandra Melnick,0.953998,Olivier Corcos,0.15000000000000002,Amy E. Pasquinelli,2.6134718728813557,Randall K. Saiki,142.554784,Joseph P. Miletich,0.5876310000000001,Olivier Corcos,0.15000000000000002
Nj Bell,4.965918037037039,Ingrid Daubechies,338.5292710000001,Elliot W. Strong,0.953437,Olivier Coqueret,0.15000000000000002,David L. Donoho,2.6090834668989524,David H. Gelfand,142.554784,Ross Jakes,0.5872654999999999,Olivier Coqueret,0.15000000000000002
Fred Ederer,4.959834979591832,F. P. Bowden,338.367516,Reginald A. Clift,0.95013475,Olivier Colliot,0.15000000000000002,Edwin M. Southern,2.596149543795621,Kary B. Mullis,142.554784,Cliff Tabin,0.5859394999999998,Olivier Colliot,0.15000000000000002
Yoav Freund,4.937621166666662,S. Goldstein,326.7013510000001,Carl R. Woese,0.9454215,Olivier Collin,0.15000000000000002,Susan M. Hailpern,2.5874776071428576,Russell Higuchi,142.554784,Darlene Groth,0.5845072499999999,Olivier Collin,0.15000000000000002
Jeffrey C. Lee,4.902525715517242,Tim R. Mosmann,320.15800850000005,Joel C. Kleinman,0.943543,Olivier Collignon,0.15000000000000002,Martin Poenie,2.587176008928573,Henry A. Erlich,142.554784,James M. Woodruff,0.5838145,Olivier Collignon,0.15000000000000002
Patrick O. Brown,4.895728543257007,J. J. Hopfield,316.3088855,Jeanne G. Waggoner,0.94168575,Olivier Cointault,0.15000000000000002,Nan M. Laird,2.585941257372653,R. Mead,142.18946249999996,Philip J. Held,0.5829305,Olivier Cointault,0.15000000000000002
Georges Köhler,4.889621506024093,Eladio Viñuela,316.04825,David B. Pryor,0.94021525,Olivier Clément,0.15000000000000002,Aaron L. Halpern,2.570506878787879,P. J. Flory,140.76091849999997,Richard G. W. Anderson,0.5828114999999998,Olivier Clément,0.15000000000000002
John R. Carson,4.858998192913383,Stacey F. Bent,314.3368344999999,Arthur M. Sobol,0.938341,Olivier Clermont,0.15000000000000002,Patrick Minx,2.5636688000000003,Richard Helm,140.65177000000003,Jeffrey M. Piehler,0.5827689999999999,Olivier Clermont,0.15000000000000002
Jeremy H. Burroughes,4.853329469696964,Joseph R. Lakowicz,311.8880355,Werner R. Loewenstein,0.9381709999999999,Olivier Civelli,0.15000000000000002,Lee Rowen,2.556512322580646,Ralph E. Johnson,140.65177000000003,T. K. Sampath,0.5813834999999999,Olivier Civelli,0.15000000000000002
Aravind Subramanian,4.849703023809524,Henry A. Erlich,304.55591850000013,D. C. Van Essen,0.936709,Olivier De Lacharriere,0.15000000000000002,Jonathan Marchini,2.5540179018691602,Mary E. Charlson,140.43503700000002,R J Lefkowitz,0.581324,Olivier De Lacharriere,0.15000000000000002
Edward J. Roccella,4.843957886792453,Norman Arnheim,304.55591850000013,Robert F. Meenan,0.9350004999999999,Olivier De Wever,0.15000000000000002,Pamela Whittaker,2.5450693070175445,R. A. Fisher,138.1343335,S I Reed,0.5804740000000002,Olivier De Wever,0.15000000000000002
Ronald A. Laskey,4.8338584752066085,Randall K. Saiki,304.55591850000013,P Leder,0.934261,Olivier Decaux,0.15000000000000002,Ivica Letunic,2.5367752727272728,Steven H. Strogatz,137.55743850000002,W. M. Crist,0.5801765,Olivier Decaux,0.15000000000000002
Donald B. Rubin,4.8333532841880364,Kary B. Mullis,304.55591850000013,M. A. Fiatarone,0.9309459999999998,Olivier Dewit,0.15000000000000002,Mark Dickson,2.5310449426229518,David Lane,137.411502,Endel Tulving,0.5784765000000003,Olivier Dewit,0.15000000000000002
Liesi E. Hebert,4.813730108695653,Alex Pentland,303.0752270000001,Pascal Haffter,0.930657,Olivier Dulac,0.15000000000000002,J. Michael Cherry,2.528877247787611,Ed Harlow,137.411502,R W Alexander,0.5766574999999998,Olivier Dulac,0.15000000000000002
Mary Burden,4.792240999999995,Graeme A. Reid,299.1652440000001,Peter J. Savage,0.92474525,Olivier Duchamp,0.15000000000000002,David L. Swofford,2.525420766666669,Ingrid Daubechies,136.33851300000003,Christiane Nüsslein-Volhard,0.5757352500000001,Olivier Duchamp,0.15000000000000002
Ingrid Daubechies,4.772238398876401,David A. Patterson,297.640752,Michael L. Frigge,0.923738,Olivier Dubreuil,0.15000000000000002,Toby Bloom,2.5249693600000005,Joseph O. Hirschfelder,135.77792950000003,E.D. Salmon,0.5755695,Olivier Dubreuil,0.15000000000000002
V. S. Kalyanaraman,4.7412644761904765,Philip E. Hartman,297.1019539999998,Lee N. Robins,0.923415,Olivier Dubourg,0.15000000000000002,Jennifer Baldwin,2.5067979805194804,A. K. Geim,135.2242395,Donald D. Newmeyer,0.5749914999999998,Olivier Dubourg,0.15000000000000002
Ian Korf,4.727543424657533,H. C. Liu,296.3633805,Keaven M. Anderson,0.9217235,Olivier Dubois,0.15000000000000002,N. Ferrara,2.5065571574074075,Sergey V. Morozov,135.2242395,Carl R. Woese,0.5736315,Olivier Dubois,0.15000000000000002
David R. Bentley,4.721570111111109,Eicke R. Weber,296.3633805,James I. Garrels,0.9211795,Olivier Dorseuil,0.15000000000000002,Karen A. Ketchum,2.5057735649350668,D. S. Jiang,135.2242395,Robert P. Perry,0.5733,Olivier Dorseuil,0.15000000000000002
Tim R. Mosmann,4.70429544134078,Russell Higuchi,295.15823350000005,W. Michael O'Fallon,0.914558,Olivier Dormond,0.15000000000000002,Eric Pelletier,2.499281274193549,I. V. Grigorieva,135.2242395,Mark E. Molliver,0.5731725000000001,Olivier Dormond,0.15000000000000002
Donald R. Huffman,4.6943667415254255,David H. Gelfand,295.15823350000005,Ulrich K. Laemmli,0.91449,Olivier Diat,0.15000000000000002,Aileen Robertson,2.498978202898551,K. S. Novoselov,135.2242395,Stanley J. Korsmeyer,0.573096,Olivier Diat,0.15000000000000002
James B. Hicks,4.687589671052626,Allen J. Bard,294.64645700000005,Jonathan A. Raper,0.9136059999999999,Olivier Devuyst,0.15000000000000002,Michaele C. Christian,2.490029222222223,Wang,133.27091399999998,D. R. Curtis,0.5718252500000001,Olivier Devuyst,0.15000000000000002
Stephen T. Sherry,4.674006339999999,Larry R. Faulkner,294.64645700000005,Marek Kubin,0.91181675,Olivier Delaire,0.15000000000000002,Sean Humphray,2.483238005555556,George A. Miller,131.97493599999996,J.Ward Kennedy,0.571481,Olivier Delaire,0.15000000000000002
Gavin Sherlock,4.65801880333333,J. Beringer,294.34149400000007,Jennifer J. Anderson,0.90828925,Olivier Detry,0.15000000000000002,Peter W. J. Rigby,2.4773236300000008,Graeme A. Reid,131.39781150000002,Robert M. Weisskoff,0.5704864999999998,Olivier Detry,0.15000000000000002
C. Milstein,4.654990117469877,P.-G. De Gennes,294.0087785,S I Reed,0.907367,Olivier Detante,0.15000000000000002,Yoav Freund,2.4743232222222207,Patrick H. O'Farrell,131.25592099999997,Lawrence F. Brown,0.5684167499999999,Olivier Detante,0.15000000000000002
David P. Bartel,4.638705786057692,Mark R. Rosenzweig,293.8926090000001,Robin B. Foster,0.9026069999999999,Olivier Descamps,0.15000000000000002,J Holmes,2.4719850895522386,Rebecca DerSimonian,131.12289600000003,Clare M. Waterman-Storer,0.5656245,Olivier Descamps,0.15000000000000002
Richard R. Copley,4.608264283505156,Daniel L. Schacter,293.8926090000001,Rosa Hendler,0.8994194999999999,Olivier Dereure,0.15000000000000002,Trevor Hawkins,2.4704693806818185,Alex Pentland,129.69723349999998,Lora Lewis,0.5633975,Olivier Dereure,0.15000000000000002
J. J. Hopfield,4.6005373372093095,Robert J. Sternberg,293.8926090000001,Eugene R. Passamani,0.8972435,Olivier Denis,0.15000000000000002,Robert B. Catalano,2.461294833333334,A. L. Page,129.15248549999998,Gary Buell,0.5625304999999998,Olivier Denis,0.15000000000000002
David W. Hosmer,4.594307681818182,Shelley E. Taylor,293.8926090000001,Nathan Maccoby,0.89712025,Olivier Delelis,0.15000000000000002,Chad Nusbaum,2.460979616541352,R. H. Miller,129.15248549999998,B. Frank Polk,0.5609834999999999,Olivier Delelis,0.15000000000000002
Isaac L. Chuang,4.555010109271518,John M. Darley,293.8926090000001,Ellson Y. Chen,0.8956540000000001,Olivier Delattre,0.15000000000000002,Tavia Gordon,2.4579488190476195,Patrick O. Brown,124.871809,K. R. Chan,0.5604905,Olivier Delattre,0.15000000000000002
Victor R. Ambros,4.554485947826084,D. Taylor,293.8926090000001,Edwin H. Eylar,0.8950037499999999,Olivier Delalande,0.15000000000000002,Eli Robins,2.456210500000001,Michael B. Eisen,124.871809,David B. Pryor,0.5604480000000001,Olivier Delalande,0.15000000000000002
Allen Newell,4.5478928076923095,Susan T. Fiske,293.8926090000001,Jean Paul Revel,0.89486775,Olivier Chosidow,0.15000000000000002,Gordon J,2.4493863493150663,Paul T. Spellman,124.871809,Lewis G. Tilney,0.55955975,Olivier Chosidow,0.15000000000000002
Paul Milgrom,4.523670155440411,Patrick H. O'Farrell,289.558595,G. B. Kistiakowsky,0.8937967499999999,Olivier Chazouillères,0.15000000000000002,Margherita Maffei,2.4378464274193563,David Botstein,124.871809,Solomon A. Berson,0.5572434999999999,Olivier Chazouillères,0.15000000000000002
Trevor Hawkins,4.512534784090909,Arthur W. Adamson,288.3037059999998,Hugh R.B. Pelham,0.8936904999999999,Olivier Bastien,0.15000000000000002,Vishwanath R. Iyer,2.436547855000001,Kazuo Nakamoto,123.0487545,James I. Garrels,0.5571882499999999,Olivier Bastien,0.15000000000000002
Gordon J,4.4871613869862985,P. J. E. Peebles,283.7385260000001,Harold T. Dodge,0.89354175,Olivier Chavignon,0.15000000000000002,Michael L. Metzker,2.431696746835444,J. S. Bell,122.46012100000002,S H Orkin,0.5568992500000001,Olivier Chavignon,0.15000000000000002
Joseph O. Hirschfelder,4.477160837455834,Manfred Bochmann,283.0236335,Frank E. Speizer,0.89152725,Olivier Bouché,0.15000000000000002,Robert Baertsch,2.415467851851852,Martin Fishbein,122.358291,Jeanne G. Waggoner,0.5566399999999999,Olivier Bouché,0.15000000000000002
Cynthia L. Ogden,4.474879624999997,Geoffrey Wilkinson,283.0236335,Kim Nasmyth,0.8913190000000001,Olivier Bouchez,0.15000000000000002,H. R. Horvitz,2.4086013369565227,Russell F. Doolittle,122.26655900000002,Marc van de Wetering,0.5561895,Olivier Bouchez,0.15000000000000002
Wayne J. Higgins,4.466818840000001,P. C. Eklund,282.74313349999994,Fuller Albright,0.8909619999999999,Olivier Boucher,0.15000000000000002,Donald B. Rubin,2.406381103632476,Douglas P. Wagner,122.14592699999996,William H. Stein,0.5561300000000001,Olivier Boucher,0.15000000000000002
Michaele C. Christian,4.455371698412699,G. Dresselhaus,282.74313349999994,S L Kunkel,0.8853095,Olivier Bouchaud,0.15000000000000002,Clifford L. Johnson,2.3993769797979803,William A. Knaus,122.14592699999996,Michael E. Greenberg,0.5552502500000001,Olivier Bouchaud,0.15000000000000002
M. D. Poulik,4.441018491803279,M. S. Dresselhaus,282.74313349999994,Mary J. Matthews,0.8844934999999999,Olivier Boss,0.15000000000000002,Michael R. Hee,2.3966807937500008,Barbara J. McNeil,122.068458,Cyrus Chothia,0.5551524999999999,Olivier Boss,0.15000000000000002
W. M. Cowan,4.434247039682537,K. A. Müller,281.02830949999986,George K. Aghajanian,0.8822792500000001,Olivier Bonny,0.15000000000000002,Geoffrey E. Hinton,2.3902495570652174,James A. Hanley,122.068458,Norton B. Gilula,0.5544979999999999,Olivier Bonny,0.15000000000000002
Richard Peto,4.433599332417594,J. G. Bednorz,281.02830949999986,Jeffrey C. Watkins,0.8806430000000001,Olivier Blin,0.15000000000000002,David W. Hosmer,2.3816461,Stacey F. Bent,120.6635865,Rosa Hendler,0.5526535,Olivier Blin,0.15000000000000002
Amy E. Pasquinelli,4.4313220677966125,John E. Ware,278.79755249999994,Costan W. Berard,0.8792362499999999,Olivier Bletry,0.15000000000000002,Richard R. Hudson,2.3793556333333337,Richard A. Olshen,120.62457150000002,Karen O'Rourke,0.5515570000000001,Olivier Bletry,0.15000000000000002
Robert L. Spitzer,4.4271684566474,Cathy D. Sherbourne,278.79755249999994,Philip E. Bernatz,0.876376,Olivier Blacque,0.15000000000000002,Ghia Euskirchen,2.378485490909091,Wladek Minor,119.7206815,B. Lawrence Riggs,0.5503415,Olivier Blacque,0.15000000000000002
Jill P. Mesirov,4.425110244949494,C. Milstein,278.37954799999994,Ross Jakes,0.8760614999999999,Olivier Bienayme,0.15000000000000002,D. R. Matthews,2.378318637323945,Zbyszek Otwinowski,119.7206815,Linda M. Rolnitzky,0.5490155,Olivier Bienayme,0.15000000000000002
Aileen Robertson,4.4236123840579715,Georges Köhler,278.37954799999994,Joan Massagué,0.8752030000000001,Olivier Beyssac,0.15000000000000002,Paul Predki,2.3711632818181827,Georges Köhler,118.7657405,Friedrich Bonhoeffer,0.5481654999999998,Olivier Beyssac,0.15000000000000002
Patrick H. O'Farrell,4.423078499999997,David B. Johnson,276.75880199999995,John R. Glenney,0.8744507499999998,Olivier Bertrand,0.15000000000000002,Richard Durbin,2.367909402877693,C. Milstein,118.7657405,Sheila C. Barton,0.5478850000000001,Olivier Bertrand,0.15000000000000002
F. Barre-Sinoussi,4.407754593220339,David J. Schlegel,275.0076915,J T Fallon,0.8742297499999999,Olivier Berton,0.15000000000000002,Christopher B. Burge,2.364663471874998,Ahmedin Jemal,118.020758,S F Schlossman,0.5478510000000001,Olivier Berton,0.15000000000000002
Robert B. Catalano,4.406805333333334,Marc Davis,275.0076915,Suzanne M. Paley,0.8740809999999999,Olivier Bernard,0.15000000000000002,P Park,2.357307226562502,Jacques Ferlay,118.020758,L.L.M. van Deenen,0.5476895,Olivier Bernard,0.15000000000000002
John P. Huelsenbeck,4.395874439999999,Leon Festinger,274.4409115000001,Denis Gospodarowicz,0.87383875,Oliver Soehnlein,0.15000000000000002,Elizabeth Lacy,2.3494581271186448,Freddie Bray,118.020758,William J. Henzel,0.5476639999999999,Oliver Soehnlein,0.15000000000000002
Clifford L. Johnson,4.395269363636364,Michael H. Kutner,271.990761,Alex B. Novikoff,0.8735582499999999,Olivier Benveniste,0.15000000000000002,Eric S. Lander,2.3349493409091004,Elizabeth Ward,118.020758,Tim Hunkapiller,0.54688625,Olivier Benveniste,0.15000000000000002
Sergey V. Morozov,4.393883835365854,William T. Friedewald,266.46379749999994,Nael Martini,0.8732565000000001,Olivier Bensaude,0.15000000000000002,J Martin Bland,2.334939090090092,David Forman,118.020758,Howard G. Welgus,0.5453434999999999,Olivier Bensaude,0.15000000000000002
J. Michael Cherry,4.3897674292035385,Donald S. Fredrickson,266.46379749999994,Reubin Andres,0.87296325,Olivier Baudoin,0.15000000000000002,Daniel C. Koboldt,2.33347719680851,Jian Pei,117.5313025,Jordan D. Tobin,0.545301,Olivier Baudoin,0.15000000000000002
J Holmes,4.381099805970152,Robert I. Levy,266.46379749999994,Lily Y. Jan,0.8727125,Olivier Baud,0.15000000000000002,David R. Cox,2.3333591706036683,Michael Grätzel,116.484196,Reubin Andres,0.545301,Olivier Baud,0.15000000000000002
al. et,4.365706370892027,David Glick,264.40309149999985,Jérôme Giraudat,0.8709275000000001,Olivier Bouriaud,0.15000000000000002,E. Kellenberger,2.33333021969697,Oliver Smithies,115.9756155,Timothy Fennell,0.5450205,Olivier Bouriaud,0.15000000000000002
Ronald L. Rivest,4.363453704128459,John G. Kirkwood,262.5645669999999,G Blobel,0.8696524999999999,Olivier Boutaud,0.15000000000000002,Qui-Lim Choo,2.324383089887642,J. J. Hopfield,115.97072800000002,Thomas M. Jessell,0.5443235000000001,Olivier Boutaud,0.15000000000000002
William P. Castelli,4.356139539408864,Walter Gilbert,261.5311965,R J Lefkowitz,0.8657000000000001,Olivier Boyer,0.15000000000000002,David Botstein,2.32273060294118,L. H. Bennett,115.1063035,L. J. Ignarro,0.54335025,Olivier Boyer,0.15000000000000002
Lee Rowen,4.3533252661290325,Robert A. Woodruff,260.33245,Benjamin F. Hankey,0.86349,Olivier Capitain,0.15000000000000002,Pui Yan Kwok,2.3198115277777784,Matthew H. Liang,114.5125275,Dana Giulian,0.54323125,Olivier Capitain,0.15000000000000002
B. A. Roe,4.351682701492536,George Winokur,260.33245,Charles A. Alford,0.8598732499999999,Olivier Chastel,0.15000000000000002,Lora Lewis,2.3177012735849045,Gene G. Hunder,114.5125275,Elliot W. Strong,0.5431250000000001,Olivier Chastel,0.15000000000000002
Lee N. Robins,4.335064319672132,John P. Feighner,260.33245,W. Dansgaard,0.8591380000000001,Olivier Chassande,0.15000000000000002,Cole Trapnell,2.30306054,James F. Fries,114.5125275,Carroll M. Williams,0.5429167499999998,Olivier Chassande,0.15000000000000002
John E. Helzer,4.334251007633587,Eli Robins,260.33245,George B. Hutchison,0.8579904999999999,Olivier Chaloin,0.15000000000000002,W. M. Cowan,2.2866161269841268,Ronald L. Wilder,114.5125275,James G. Hirsch,0.5428954999999999,Olivier Chaloin,0.15000000000000002
Teresa C. Horan,4.33109104587156,Samuel B. Guze,260.33245,Kaplan No,0.8562989999999999,Olivier Chabre,0.15000000000000002,Georges Köhler,2.2843145662650586,Jane G. Schaller,114.5125275,Colin Feyerabend,0.5428105000000001,Olivier Chabre,0.15000000000000002
Michael S. Gottlieb,4.3265768692307685,Oliver Smithies,260.21858399999996,David M. Berkson,0.8550070000000001,Olivier Cazorla,0.15000000000000002,Robert Tibshirani,2.2791901586345347,Harvinder S. Luthra,114.5125275,M B Brenner,0.5427170000000001,Olivier Cazorla,0.15000000000000002
F. C. Greenwood,4.3195736010101005,Rakesh Agrawal,258.40624799999995,Shunzaburo Iwatsuki,0.852049,Olivier Cassar,0.15000000000000002,Rajinder Kaul,2.274913769736842,Frank C. Arnett,114.5125275,A Grinvald,0.5424450000000002,Olivier Cassar,0.15000000000000002
Dienstag Jl,4.305913788135594,George A. Bray,255.98415600000004,Joseph P. Miletich,0.8509524999999999,Olivier Casasnovas,0.15000000000000002,B. A. Roe,2.27306973880597,Thomas A. Medsger,114.5125275,Leena Mykkänen,0.542411,Olivier Casasnovas,0.15000000000000002
Karen O'Rourke,4.2968656509433965,K. A. Gschneidner,255.897235,Elizabeth D. Hay,0.8497115,Olivier Caron,0.15000000000000002,Stephen J. Aldington,2.271958416666666,Robert S. Pinals,114.5125275,Spyros Artavanis-Tsakonas,0.5423175000000001,Olivier Caron,0.15000000000000002
Vishwanath R. Iyer,4.292204699999998,V. K. Pecharsky,255.897235,Ramzi S. Cotran,0.8475524999999998,Olivier Cador,0.15000000000000002,Patrick H. O'Farrell,2.2687860000000004,John T. Sharp,114.5125275,Argiris Efstratiadis,0.5423175000000001,Olivier Cador,0.15000000000000002
W. Dansgaard,4.278545653333332,Douglas P. Wagner,255.237108,Howard A. Schneiderman,0.84736975,Olivier Braissant,0.15000000000000002,Christie Kovar,2.266463874999999,D. Bloch,114.5125275,George E. Palade,0.54219,Olivier Braissant,0.15000000000000002
J Martin Bland,4.277946509008999,William A. Knaus,255.237108,Paul Doty,0.8462604999999999,Olivier C. Martin,0.15000000000000002,William P. Castelli,2.263954689655171,John D. Ferry,114.221615,Stanford Moore,0.5419350000000001,Olivier C. Martin,0.15000000000000002
Aaron L. Halpern,4.274490803030305,Kieron Burke,254.67513050000002,L. Lorand,0.8459119999999998,Olivier Bénichou,0.15000000000000002,Alan J. Buckler,2.2571379583333337,William R. Pearson,113.4538865,E Kieff,0.5416714999999999,Olivier Bénichou,0.15000000000000002
Helga Boedtker,4.26579265,John P. Perdew,254.67513050000002,Richard J. Havlik,0.8456230000000002,Olivier Buriez,0.15000000000000002,Anne S. Olsen,2.257099265625,Albert László Barabási,112.514305,Santos A. Susin,0.5412720000000001,Olivier Buriez,0.15000000000000002
Karen A. Ketchum,4.252893590909087,J. W. T. Spinks,254.3910945,Paul D. Sorlie,0.844824,Olivier Bruyère,0.15000000000000002,Scott M. Hammond,2.2511024942528746,Réka Albert,112.514305,Yvonne Stirling,0.5402010000000002,Olivier Bruyère,0.15000000000000002
Mark Dickson,4.249848057377048,Dean Burk,254.03633000000008,Endel Tulving,0.8443904999999999,Olivier Brugière,0.15000000000000002,Richard D. Piner,2.2492961452991462,Rakesh Agrawal,112.1681255,James O. Taylor,0.5401585000000001,Olivier Brugière,0.15000000000000002
Scott Shenker,4.246190631078227,Thomas A. Witten,253.9795585,S F Schlossman,0.8439229999999999,Olivier Brocq,0.15000000000000002,al. et,2.2462027382629075,Donald R. Huffman,111.96805249999998,A E Weyman,0.5401499999999999,Olivier Brocq,0.15000000000000002
Timothy Fennell,4.24043383018868,Sidney J. Cutler,253.0056455,Karl A. Piez,0.8432940000000002,Olivier Brison,0.15000000000000002,Gabor T. Marth,2.2443849921875,Joseph R. Lakowicz,111.746126,Yuh Nung Jan,0.5393552500000001,Olivier Brison,0.15000000000000002
Ellen E. Walters,4.2242947177419365,Fred Ederer,253.0056455,Wallace H. Clark,0.8418405000000001,Olivier Briand,0.15000000000000002,Jane Rogers,2.243828294594594,Eugenia Kalnay,111.6313845,Benjamin F. Hankey,0.53778275,Olivier Briand,0.15000000000000002
Patrick Minx,4.219196200000002,Mary E. Charlson,252.49393700000002,J. C. Eccles,0.8417937500000001,Oliver Spadiut,0.15000000000000002,Brufman G,2.2423711842105267,Ants Leetmaa,111.6313845,V. G. Allfrey,0.5374129999999998,Oliver Spadiut,0.15000000000000002
Jeremy Peterson,4.218359466101696,Robert G. Parr,252.4411945,Laurie Davidson,0.8415939999999998,Oliver Schwarz,0.15000000000000002,Tarjei S. Mikkelsen,2.237528076923078,Wayne J. Higgins,111.6313845,Jian Kang Zhu,0.537141,Oliver Schwarz,0.15000000000000002
Richard R. Hudson,4.213233579999999,Robert C. Reid,251.9613185,A. J. Dalton,0.8415855,Oliver Smithies,0.15000000000000002,Zoltán N. Oltvai,2.233053855072465,Richard W. Reynolds,111.6313845,Thomas E. Kreis,0.5371324999999999,Oliver Smithies,0.15000000000000002
W. Brian Arthur,4.202567750000001,Robert Katzman,251.652556,Sanford L. Palay,0.8415599999999998,Oliver Senn,0.15000000000000002,Andrew Kasarskis,2.2316716750000003,Jia Wang,111.6313845,Paul D. Sorlie,0.5368944999999999,Oliver Senn,0.15000000000000002
David Botstein,4.201626073529424,Guy M. McKhann,251.652556,Sheldon Penman,0.8413262499999999,Oliver Hampe,0.15000000000000002,Suzanna E. Lewis,2.220759327067669,Jacob N. Israelachvili,111.4474615,Richard J. Havlik,0.5368944999999999,Oliver Hampe,0.15000000000000002
Margherita Maffei,4.197619387096773,Donald L. Price,251.652556,Daniel J. Diver,0.840268,Oliver H. Lowry,0.15000000000000002,Robert J. Dodson,2.218693308333333,David B. Johnson,111.0216625,G Schatz,0.5365375000000001,Oliver H. Lowry,0.15000000000000002
Richard Durbin,4.192145035971223,David A. Drachman,251.652556,Julius Axelrod,0.839299,Oliver H. Krämer,0.15000000000000002,Arthur L. Delcher,2.215010872222224,Fred J. Sigworth,109.91975649999999,Werner Risau,0.5362995000000002,Oliver H. Krämer,0.15000000000000002
Raymond J. MacDonald,4.188837377952755,Michael Polanyi,250.9127585,Donald D. Matson,0.8392225,Oliver H. Heckl,0.15000000000000002,Erica Sodergren,2.2108185148148136,Owen P. Hamill,109.91975649999999,Denis Gospodarowicz,0.5362315,Oliver H. Heckl,0.15000000000000002
P Park,4.188080921874996,Steven H. Strogatz,250.461332,Mark E. Molliver,0.8385085000000001,Oliver H. Beahrs,0.15000000000000002,Liesi E. Hebert,2.2042907173913053,Bert Sakmann,109.91975649999999,John Spieth,0.53432325,Oliver H. Beahrs,0.15000000000000002
Nicholas B. Lydon,4.186885801724139,N. F. Mott,250.39895050000007,Srinivasa M. Srinivasula,0.837939,Oliver Gröning,0.15000000000000002,Louis A. Tartaglia,2.200263432835821,Erwin Neher,109.91975649999999,Michael Grunstein,0.5341405,Oliver Gröning,0.15000000000000002
