"name","num_pubs_pre","avg_PR_pre","max_PR_pre","median_PR_pre","num_pubs_post","avg_PR_post","max_PR_post","median_PR_post"
"M. Delord","1","0.15000000000000002","0.15000000000000002","0.15000000000000002","1","0.15000000000000002","0.15000000000000002","0.15000000000000002"
"Ville O. Paavilainen","4","0.29419399999999996","0.465945","0.28041550000000004","1","0.16219750000000002","0.16219750000000002","0.16219750000000002"
"Kwang-Yu Chang","2","0.15000000000000002","0.15000000000000002","0.15000000000000002","1","0.15000000000000002","0.15000000000000002","0.15000000000000002"
"Jordi Barretina","4","2.6568964999999998","8.596730499999998","0.94042775","2","0.15000000000000002","0.15000000000000002","0.15000000000000002"
"Zongdi Feng","2","0.44826075000000004","0.7144425000000001","0.44826075000000004","1","0.15000000000000002","0.15000000000000002","0.15000000000000002"
"Casey R. Wade","4","0.346373375","0.4076095","0.34874700000000003","1","0.19653750000000003","0.19653750000000003","0.19653750000000003"
"Rainer Kalscheuer","3","0.8720211666666665","1.7138979999999997","0.5652249999999999","1","0.157939","0.157939","0.157939"
"Gerry P. Crossan","2","0.4473512500000001","0.7294195000000001","0.4473512500000001","1","0.15000000000000002","0.15000000000000002","0.15000000000000002"
"Edze R. Westra","1","0.35343050000000004","0.35343050000000004","0.35343050000000004","1","0.20581100000000002","0.20581100000000002","0.20581100000000002"
"Claudia E. Paba-Prada","2","0.15220150000000002","0.15337450000000002","0.15220150000000002","1","0.15385900000000002","0.15385900000000002","0.15385900000000002"
"Bernd Bufe","3","0.8824053333333334","2.261451","0.19333300000000003","1","0.1577435","0.1577435","0.1577435"
"Lea Cunningham","1","0.238196","0.238196","0.238196","2","0.15000000000000002","0.15000000000000002","0.15000000000000002"
"Wooping Ge","1","0.3485345","0.3485345","0.3485345","1","0.15000000000000002","0.15000000000000002","0.15000000000000002"
"Corey C. Harwell","2","0.22949625","0.2577205","0.22949625","1","0.16522350000000002","0.16522350000000002","0.16522350000000002"
"Jeremy A. Daniel","4","0.540547375","1.2285820000000003","0.33300075000000007","1","0.1582025","0.1582025","0.1582025"
"Connie Piccone","1","0.15000000000000002","0.15000000000000002","0.15000000000000002","1","0.15000000000000002","0.15000000000000002","0.15000000000000002"
"Zhongbin Zhuang","3","0.6391325","1.142545","0.404303","1","0.15000000000000002","0.15000000000000002","0.15000000000000002"
"M-Jtfd Vrancken Peeters","1","0.15000000000000002","0.15000000000000002","0.15000000000000002","1","0.15000000000000002","0.15000000000000002","0.15000000000000002"
"Anne Grosse-Wilde","5","0.2600274","0.661343","0.15000000000000002","1","0.15000000000000002","0.15000000000000002","0.15000000000000002"
"Flávio V. Loures","1","0.179631","0.179631","0.179631","1","0.15000000000000002","0.15000000000000002","0.15000000000000002"
"Jing-You Guo","1","0.1537485","0.1537485","0.1537485","1","0.15000000000000002","0.15000000000000002","0.15000000000000002"
"Daniel T. Sweet","1","0.2148125","0.2148125","0.2148125","1","0.153349","0.153349","0.153349"
"Benoit Brethon","2","0.15000000000000002","0.15000000000000002","0.15000000000000002","1","0.15000000000000002","0.15000000000000002","0.15000000000000002"
"Christopher J. Coke","1","0.15000000000000002","0.15000000000000002","0.15000000000000002","1","0.15310250000000003","0.15310250000000003","0.15310250000000003"
"Bree B. Aldridge","2","1.1781982500000001","1.7497255","1.1781982500000001","1","0.15272000000000002","0.15272000000000002","0.15272000000000002"
"Camille Debord","1","0.15289000000000003","0.15289000000000003","0.15289000000000003","1","0.15426700000000002","0.15426700000000002","0.15426700000000002"
"Brian Y. Chow","4","0.8520235","2.7071825","0.2638235","1","0.170995","0.170995","0.170995"
"Sharon Friedlander","1","1.132583","1.132583","1.132583","4","0.15000000000000002","0.15000000000000002","0.15000000000000002"
"Anatole Ghazalpour","5","0.7100582000000002","2.087966","0.36108900000000005","1","0.15000000000000002","0.15000000000000002","0.15000000000000002"
"José Pablo Leone","1","0.15000000000000002","0.15000000000000002","0.15000000000000002","2","0.15000000000000002","0.15000000000000002","0.15000000000000002"
"Dina Zielinski","1","0.16709350000000003","0.16709350000000003","0.16709350000000003","1","0.245421","0.245421","0.245421"
"Sigal Saphier","3","0.16698300000000002","0.17275450000000003","0.169057","1","0.15725050000000002","0.15725050000000002","0.15725050000000002"
"Gene S. Tan","1","0.40698899999999993","0.40698899999999993","0.40698899999999993","1","0.15663000000000002","0.15663000000000002","0.15663000000000002"
"Elena Levantini","4","0.16885087500000004","0.20134000000000002","0.16203175000000003","1","0.15000000000000002","0.15000000000000002","0.15000000000000002"
"Ella R. Thompson","2","0.37671625000000003","0.6034325","0.37671625000000003","1","0.15000000000000002","0.15000000000000002","0.15000000000000002"
"Kr Tkaczuk","1","0.15000000000000002","0.15000000000000002","0.15000000000000002","1","0.15000000000000002","0.15000000000000002","0.15000000000000002"
"Oreofe O. Odejide","3","0.2590238333333333","0.4735694999999999","0.153502","1","0.23018900000000003","0.23018900000000003","0.23018900000000003"
"Ronan Le Moigne","1","0.15000000000000002","0.15000000000000002","0.15000000000000002","1","0.15000000000000002","0.15000000000000002","0.15000000000000002"
"Zhijie Jey Cheng","3","0.15000000000000002","0.15000000000000002","0.15000000000000002","1","0.15000000000000002","0.15000000000000002","0.15000000000000002"
"Anna Szmigielska-Kaplon","3","0.15336600000000003","0.16009800000000005","0.15000000000000002","1","0.15000000000000002","0.15000000000000002","0.15000000000000002"
"Mohamed O. Abdalla","1","0.15000000000000002","0.15000000000000002","0.15000000000000002","1","0.15000000000000002","0.15000000000000002","0.15000000000000002"
"Cristiano Ferrario","1","0.15000000000000002","0.15000000000000002","0.15000000000000002","1","0.15000000000000002","0.15000000000000002","0.15000000000000002"
"Jiří Míšek","2","0.52492225","0.6455245000000001","0.52492225","1","0.15277100000000002","0.15277100000000002","0.15277100000000002"
"Jordi Burés","4","0.41255437500000003","0.6310830000000001","0.40473650000000005","3","0.17106583333333336","0.196308","0.16688950000000002"
"Carlos Romero‐Nieto","4","0.24012975000000003","0.29484","0.25159625","2","0.16234625000000003","0.170774","0.16234625000000003"
"Shaun K. Olsen","6","0.5342949166666667","0.7517830000000002","0.6016772499999999","2","0.15083725000000003","0.15167450000000002","0.15083725000000003"
"Weiguo Zou","5","0.360511","0.839486","0.284453","1","0.15000000000000002","0.15000000000000002","0.15000000000000002"
"Madeline A. Lancaster","5","0.9001147999999999","2.3370925","0.5211695000000001","1","0.263135","0.263135","0.263135"
"Woo Ping Ge","2","0.600874","0.6198970000000001","0.600874","1","0.2775","0.2775","0.2775"
"Christian Laggner","2","0.4517755","0.482401","0.4517755","1","0.15000000000000002","0.15000000000000002","0.15000000000000002"
"Alessandra Carobbio","7","0.7002645000000001","2.1367049999999996","0.4831575","1","0.15000000000000002","0.15000000000000002","0.15000000000000002"
"Kasper B. Hansen","3","0.2104831666666667","0.32685100000000006","0.1545985","1","0.18150950000000002","0.18150950000000002","0.18150950000000002"
"Szymon Swiezewski","2","0.8923645","1.1272875","0.8923645","1","0.15579700000000002","0.15579700000000002","0.15579700000000002"
"Carolina Schinke","4","0.17419950000000003","0.24679800000000002","0.15000000000000002","1","0.15000000000000002","0.15000000000000002","0.15000000000000002"
"Adam Naguib","3","0.15000000000000002","0.15000000000000002","0.15000000000000002","1","0.16435650000000002","0.16435650000000002","0.16435650000000002"
"Robin E. Stanley","1","0.44073399999999996","0.44073399999999996","0.44073399999999996","1","0.15770950000000003","0.15770950000000003","0.15770950000000003"
"Srivatsan Raman","3","0.567656","0.9698760000000002","0.4382945","1","0.22327850000000002","0.22327850000000002","0.22327850000000002"
"Saravana P. Selvanathan","2","0.16781600000000002","0.17572100000000002","0.16781600000000002","1","0.15000000000000002","0.15000000000000002","0.15000000000000002"
"Shari Beth Goldfarb","1","0.15000000000000002","0.15000000000000002","0.15000000000000002","1","0.15000000000000002","0.15000000000000002","0.15000000000000002"
"Nicholas A. Willis","1","0.23562049999999998","0.23562049999999998","0.23562049999999998","1","0.15000000000000002","0.15000000000000002","0.15000000000000002"
"Karen Newell-Litwa","1","0.17738700000000002","0.17738700000000002","0.17738700000000002","1","0.15182750000000003","0.15182750000000003","0.15182750000000003"
"Michael Keng","1","0.15000000000000002","0.15000000000000002","0.15000000000000002","1","0.15000000000000002","0.15000000000000002","0.15000000000000002"
"Antigoni Triantafyllopoulou","1","0.3753945","0.3753945","0.3753945","1","0.16062500000000002","0.16062500000000002","0.16062500000000002"
"Brittany Turner Ivey","1","0.15000000000000002","0.15000000000000002","0.15000000000000002","1","0.15000000000000002","0.15000000000000002","0.15000000000000002"
"Eric M. Erkenbrack","1","0.1977105","0.1977105","0.1977105","1","0.15271150000000003","0.15271150000000003","0.15271150000000003"
"Anna C. Obenauf","1","0.497769","0.497769","0.497769","1","0.3927430000000001","0.3927430000000001","0.3927430000000001"
"Janice M. Staber","2","0.15285600000000005","0.15571200000000004","0.15285600000000005","1","0.15000000000000002","0.15000000000000002","0.15000000000000002"
"Tais W. Dahl","2","0.36917675","0.5883535","0.36917675","1","0.15000000000000002","0.15000000000000002","0.15000000000000002"
"Rh Alvarez","3","0.15000000000000002","0.15000000000000002","0.15000000000000002","3","0.15000000000000002","0.15000000000000002","0.15000000000000002"
"Braulio Rodríguez-Molina","2","0.295877","0.327242","0.295877","1","0.15000000000000002","0.15000000000000002","0.15000000000000002"
"Eóin N. McNamee","2","0.392913","0.629451","0.392913","1","0.15000000000000002","0.15000000000000002","0.15000000000000002"
"R. Katherine Hyde","8","0.17548300000000006","0.26594850000000003","0.15070975000000003","2","0.15000000000000002","0.15000000000000002","0.15000000000000002"
"Shuiquan Deng","6","0.24911425","0.35070200000000007","0.22443449999999998","1","0.15000000000000002","0.15000000000000002","0.15000000000000002"
"Francesca Bruzzese","1","0.20296350000000002","0.20296350000000002","0.20296350000000002","1","0.15000000000000002","0.15000000000000002","0.15000000000000002"
"Karleen Habin","1","0.15749700000000003","0.15749700000000003","0.15749700000000003","1","0.15000000000000002","0.15000000000000002","0.15000000000000002"
"Yick W. Fong","1","0.4055185","0.4055185","0.4055185","1","0.15000000000000002","0.15000000000000002","0.15000000000000002"
"Magdalena Strzelecka","1","0.39117050000000003","0.39117050000000003","0.39117050000000003","2","0.16006825000000002","0.17013650000000002","0.16006825000000002"
"Gemma L. Kelly","6","0.3894450000000001","0.9147195000000002","0.347676","1","0.15000000000000002","0.15000000000000002","0.15000000000000002"
"Jiaxi Cui","1","0.21707350000000003","0.21707350000000003","0.21707350000000003","1","0.15549100000000002","0.15549100000000002","0.15549100000000002"
"Jesse M. Engreitz","2","0.7583322499999999","1.0335409999999998","0.7583322499999999","1","0.191718","0.191718","0.191718"
"Jonathan Snowden","1","0.906262","0.906262","0.906262","1","0.28005","0.28005","0.28005"
"Ashley M. Mackey","1","0.16783300000000004","0.16783300000000004","0.16783300000000004","1","0.15000000000000002","0.15000000000000002","0.15000000000000002"
"Bindu D. Paul","3","0.37507150000000006","0.6801025","0.229492","1","0.15000000000000002","0.15000000000000002","0.15000000000000002"
"Andrea Sottoriva","6","0.5735224166666666","1.533324","0.4156377499999999","1","0.3116360000000001","0.3116360000000001","0.3116360000000001"
"Diego M. Marzese","1","0.15000000000000002","0.15000000000000002","0.15000000000000002","1","0.15000000000000002","0.15000000000000002","0.15000000000000002"
"H Rugo","1","0.15532100000000001","0.15532100000000001","0.15532100000000001","2","0.15000000000000002","0.15000000000000002","0.15000000000000002"
"Alexander Rigort","1","0.8255885","0.8255885","0.8255885","1","0.15000000000000002","0.15000000000000002","0.15000000000000002"
"Matthew F. Barber","4","0.32947325000000005","0.712972","0.22700575000000003","1","0.15000000000000002","0.15000000000000002","0.15000000000000002"
"Nemanja Rodić","2","0.2426925","0.269578","0.2426925","1","0.15000000000000002","0.15000000000000002","0.15000000000000002"
"Lara Sucheston-Campbell","2","0.15000000000000002","0.15000000000000002","0.15000000000000002","1","0.15000000000000002","0.15000000000000002","0.15000000000000002"
"Xiaohong Helena Yang","2","0.25232725","0.3426865","0.25232725","1","0.15000000000000002","0.15000000000000002","0.15000000000000002"
"Da‐Gang Yu","8","0.46401975","0.9641045","0.39603674999999994","2","0.25056350000000005","0.351127","0.25056350000000005"
"Gerard H. M. Huysmans","1","0.17671550000000003","0.17671550000000003","0.17671550000000003","1","0.1506715","0.1506715","0.1506715"
"Roman Dobrovetsky","5","0.2511874","0.3565925","0.20420450000000004","1","0.15000000000000002","0.15000000000000002","0.15000000000000002"
"Fuad El Rassi","5","0.15000000000000002","0.15000000000000002","0.15000000000000002","1","0.15000000000000002","0.15000000000000002","0.15000000000000002"
"Stanislas Blein","1","0.262778","0.262778","0.262778","1","0.15000000000000002","0.15000000000000002","0.15000000000000002"
"Yaroslav A. Andreev","1","0.409794","0.409794","0.409794","1","0.15195500000000003","0.15195500000000003","0.15195500000000003"
"Eric E. Zhang","3","0.8711088333333333","0.9406444999999999","0.859512","1","0.19690300000000002","0.19690300000000002","0.19690300000000002"
"Meytal Landau","2","0.35952075","0.399917","0.35952075","1","0.1521845","0.1521845","0.1521845"
"Achim Thomzig","3","0.388187","0.4553115000000001","0.44747450000000005","1","0.15000000000000002","0.15000000000000002","0.15000000000000002"
"Taj D. King","1","0.15000000000000002","0.15000000000000002","0.15000000000000002","1","0.15000000000000002","0.15000000000000002","0.15000000000000002"
"Bhanupriya Madarampalli","1","0.17729350000000002","0.17729350000000002","0.17729350000000002","1","0.15170850000000002","0.15170850000000002","0.15170850000000002"
"Cheng-Ran Xu","3","0.34249100000000005","0.557745","0.270768","1","0.15000000000000002","0.15000000000000002","0.15000000000000002"
"C. Florian Bentzinger","3","0.7161623333333335","1.5767930000000001","0.40373349999999997","1","0.19923200000000002","0.19923200000000002","0.19923200000000002"
"Marcos V. A. S. Navarro","1","0.31806199999999996","0.31806199999999996","0.31806199999999996","1","0.18439950000000002","0.18439950000000002","0.18439950000000002"
"Lianne Epstein","1","0.15000000000000002","0.15000000000000002","0.15000000000000002","1","0.15000000000000002","0.15000000000000002","0.15000000000000002"
"Roberta Donadelli","2","0.31807474999999996","0.48614949999999996","0.31807474999999996","1","0.15860200000000002","0.15860200000000002","0.15860200000000002"
"Mauricio Berriel Diaz","1","0.19896","0.19896","0.19896","1","0.15000000000000002","0.15000000000000002","0.15000000000000002"
"Jessica A. Lehoczky","3","0.2503113333333334","0.38887550000000004","0.2120585","1","0.15000000000000002","0.15000000000000002","0.15000000000000002"
"Max Wuehr","1","0.22156150000000005","0.22156150000000005","0.22156150000000005","3","0.158483","0.16372750000000003","0.16172150000000002"
"Mp Nilsson","1","0.15000000000000002","0.15000000000000002","0.15000000000000002","1","0.15000000000000002","0.15000000000000002","0.15000000000000002"
"Syed Ziauddin A. Zaidi","2","0.15000000000000002","0.15000000000000002","0.15000000000000002","1","0.15000000000000002","0.15000000000000002","0.15000000000000002"
"Damya Laoui","1","0.42167699999999997","0.42167699999999997","0.42167699999999997","1","0.17562750000000005","0.17562750000000005","0.17562750000000005"
"Robert J. Macfarlane","8","0.588291875","2.0837075","0.39139575","1","0.15432650000000003","0.15432650000000003","0.15432650000000003"
"Xin Ming Jia","1","0.21697150000000004","0.21697150000000004","0.21697150000000004","1","0.1564345","0.1564345","0.1564345"
"Nicola Waddell","1","1.3225495000000003","1.3225495000000003","1.3225495000000003","1","0.15000000000000002","0.15000000000000002","0.15000000000000002"
"Robert J. Phipps","6","1.9343738333333331","4.172046999999999","1.2609542500000002","1","0.18038750000000003","0.18038750000000003","0.18038750000000003"
"Bernhard Krismer","1","0.366835","0.366835","0.366835","2","0.4291995","0.703503","0.4291995"
"Hs Rugo","1","0.15000000000000002","0.15000000000000002","0.15000000000000002","2","0.15000000000000002","0.15000000000000002","0.15000000000000002"
"Julian Engel","3","0.18681350000000005","0.22827650000000002","0.17298400000000003","1","0.15000000000000002","0.15000000000000002","0.15000000000000002"
"Sagi D. Shapira","1","1.4801139999999997","1.4801139999999997","1.4801139999999997","1","0.3639535","0.3639535","0.3639535"
"Anders Hogner","1","0.459094","0.459094","0.459094","1","0.20147600000000002","0.20147600000000002","0.20147600000000002"
"Po-Hao Feng","3","0.15000000000000002","0.15000000000000002","0.15000000000000002","1","0.15000000000000002","0.15000000000000002","0.15000000000000002"
"Vasco Liberal","2","0.19958475000000003","0.24916950000000002","0.19958475000000003","1","0.15000000000000002","0.15000000000000002","0.15000000000000002"
"Annarita Miccio","2","0.40376750000000006","0.41945000000000005","0.40376750000000006","1","0.15000000000000002","0.15000000000000002","0.15000000000000002"
"Zhiwei Zuo","6","0.59210625","1.167705","0.6074105","1","0.15623900000000002","0.15623900000000002","0.15623900000000002"
"Marc T. Nishimura","4","0.6811820000000001","2.1037420000000004","0.22817875000000004","1","0.15000000000000002","0.15000000000000002","0.15000000000000002"
"Helgi I. Ingólfsson","1","0.45276999999999995","0.45276999999999995","0.45276999999999995","1","0.15000000000000002","0.15000000000000002","0.15000000000000002"
"Justin S. Sadhu","1","0.15000000000000002","0.15000000000000002","0.15000000000000002","1","0.15000000000000002","0.15000000000000002","0.15000000000000002"
"John Moxley","1","0.7511880000000001","0.7511880000000001","0.7511880000000001","1","2.979106","2.979106","2.979106"
"Moran Amit","3","0.15035700000000002","0.151071","0.15000000000000002","1","0.15000000000000002","0.15000000000000002","0.15000000000000002"
"Hyung-Bae Kwon","2","0.45160975","0.7050839999999999","0.45160975","2","0.15468350000000003","0.159367","0.15468350000000003"
"Seung‐Wook Chi","1","0.9927155","0.9927155","0.9927155","1","0.154811","0.154811","0.154811"
"Karoline V. Gleixner","14","0.23656764285714285","1.0037485","0.1514705","1","0.15000000000000002","0.15000000000000002","0.15000000000000002"
"Samira Lakhal-Littleton","2","0.18729375000000004","0.22458750000000005","0.18729375000000004","1","0.15000000000000002","0.15000000000000002","0.15000000000000002"
"Lech-Gustav Milroy","1","0.15532100000000004","0.15532100000000004","0.15532100000000004","1","0.15000000000000002","0.15000000000000002","0.15000000000000002"
"Folkert J. van Werven","3","0.3466815000000001","0.4235725000000001","0.32537200000000005","1","0.16400800000000001","0.16400800000000001","0.16400800000000001"
"J-M Classe","2","0.15000000000000002","0.15000000000000002","0.15000000000000002","1","0.15000000000000002","0.15000000000000002","0.15000000000000002"
"Vasily Aushev","1","0.15000000000000002","0.15000000000000002","0.15000000000000002","1","0.15000000000000002","0.15000000000000002","0.15000000000000002"
"Holger Helten","1","0.29132100000000005","0.29132100000000005","0.29132100000000005","7","0.15938278571428574","0.1876295","0.15717400000000004"
"Eric S. Calhoun","1","0.6422860000000001","0.6422860000000001","0.6422860000000001","1","0.15000000000000002","0.15000000000000002","0.15000000000000002"
"Kerstin Stingl","2","0.2526885","0.308712","0.2526885","1","0.15442000000000003","0.15442000000000003","0.15442000000000003"
"Krzysztof P. Bzymek","1","0.29128699999999996","0.29128699999999996","0.29128699999999996","1","0.15000000000000002","0.15000000000000002","0.15000000000000002"
"Lossos Is","1","1.199019","1.199019","1.199019","1","0.17231250000000004","0.17231250000000004","0.17231250000000004"
"Shenhav Cohen","4","0.468344125","1.2384845","0.24244600000000005","1","0.1570805","0.1570805","0.1570805"
"Yanhong Liao","5","0.6195383000000001","0.8605405","0.567469","1","0.15000000000000002","0.15000000000000002","0.15000000000000002"
"Moshe Dessau","2","0.23278575","0.253666","0.23278575","1","0.15489600000000003","0.15489600000000003","0.15489600000000003"
"Shane P. Herbert","5","0.3391369","0.8496095","0.21817000000000003","1","0.1740635","0.1740635","0.1740635"
"Raven J. Reddy","1","0.156069","0.156069","0.156069","1","0.15000000000000002","0.15000000000000002","0.15000000000000002"
"Kwok-On Lai","2","0.235867","0.3146195","0.235867","1","0.15000000000000002","0.15000000000000002","0.15000000000000002"
"Yoshimi Arima","7","0.30584021428571434","0.7053050000000001","0.15000000000000002","2","0.15000000000000002","0.15000000000000002","0.15000000000000002"
"Jason M. Tennessen","1","0.3814805","0.3814805","0.3814805","1","0.15154700000000002","0.15154700000000002","0.15154700000000002"
"Eriko Tokunaga","2","0.15000000000000002","0.15000000000000002","0.15000000000000002","2","0.15000000000000002","0.15000000000000002","0.15000000000000002"
"Laura M. Selfors","1","0.6195824999999998","0.6195824999999998","0.6195824999999998","1","0.15000000000000002","0.15000000000000002","0.15000000000000002"
"Nur Zeinomar","1","0.15000000000000002","0.15000000000000002","0.15000000000000002","1","0.15000000000000002","0.15000000000000002","0.15000000000000002"
"Jermaine L. Jenkins","2","0.24249275000000003","0.2654810000000001","0.24249275000000003","1","0.15000000000000002","0.15000000000000002","0.15000000000000002"
"Pinholster G","1","0.15764150000000002","0.15764150000000002","0.15764150000000002","1","0.15000000000000002","0.15000000000000002","0.15000000000000002"
"Aris Baras","1","0.15000000000000002","0.15000000000000002","0.15000000000000002","1","0.15000000000000002","0.15000000000000002","0.15000000000000002"
"Marcelo P. Coba","2","0.286374","0.35444200000000003","0.286374","1","0.15286450000000001","0.15286450000000001","0.15286450000000001"
"Kristjan Paulson","2","0.15364225","0.1572845","0.15364225","1","0.155542","0.155542","0.155542"
"André Lincoln Barroso Magalhães","1","0.31014850000000005","0.31014850000000005","0.31014850000000005","1","0.28305050000000004","0.28305050000000004","0.28305050000000004"
"Sabine Wittemer-Rump","2","0.15000000000000002","0.15000000000000002","0.15000000000000002","1","0.15000000000000002","0.15000000000000002","0.15000000000000002"
"Corneliu C. Luca","1","0.16762050000000003","0.16762050000000003","0.16762050000000003","1","0.15000000000000002","0.15000000000000002","0.15000000000000002"
"Adam C. Palmer","2","0.29128275","0.3525295","0.29128275","1","0.15000000000000002","0.15000000000000002","0.15000000000000002"
"Takafumi Sangai","1","0.15000000000000002","0.15000000000000002","0.15000000000000002","1","0.15000000000000002","0.15000000000000002","0.15000000000000002"
"Sebastian van de Linde","1","0.254992","0.254992","0.254992","1","0.15510000000000002","0.15510000000000002","0.15510000000000002"
"Natasja Nielsen Viller","1","0.15000000000000002","0.15000000000000002","0.15000000000000002","1","0.15000000000000002","0.15000000000000002","0.15000000000000002"
"Teruhito Yasui","2","0.22802575000000003","0.277874","0.22802575000000003","1","0.15850000000000003","0.15850000000000003","0.15850000000000003"
"Zachary A. Bornholdt","3","0.3519061666666667","0.4690135","0.366988","1","0.16275000000000003","0.16275000000000003","0.16275000000000003"
"Janet E. Lovett","1","0.346316","0.346316","0.346316","1","0.15000000000000002","0.15000000000000002","0.15000000000000002"
"Jonathan J. Miner","6","0.35531041666666674","0.9838500000000001","0.2266275","1","0.15000000000000002","0.15000000000000002","0.15000000000000002"
"Elio A. Abbondanzieri","3","1.3628763333333334","3.168027","0.7679075000000001","1","0.15000000000000002","0.15000000000000002","0.15000000000000002"
"Viola Lanier","3","0.15042783333333334","0.1512835","0.15000000000000002","1","0.18307350000000003","0.18307350000000003","0.18307350000000003"
"Carl Uli Bialucha","1","0.2420295","0.2420295","0.2420295","1","0.15000000000000002","0.15000000000000002","0.15000000000000002"
"Yangling Mu","1","0.664029","0.664029","0.664029","1","0.16157700000000003","0.16157700000000003","0.16157700000000003"
"Silvi Rouskin","1","0.9063895000000001","0.9063895000000001","0.9063895000000001","1","0.15798150000000002","0.15798150000000002","0.15798150000000002"
"Daniel Hesselson","2","0.31420725000000005","0.44692200000000004","0.31420725000000005","1","0.1591035","0.1591035","0.1591035"
"Jennifer M. Munson","3","0.21700550000000005","0.25062300000000004","0.2503935","2","0.15000000000000002","0.15000000000000002","0.15000000000000002"
"Bi‐Jie Li","5","1.2638111","3.019192","1.115328","4","0.15418625000000002","0.16409300000000002","0.15132600000000002"
"S Weinmann","1","0.15000000000000002","0.15000000000000002","0.15000000000000002","1","0.15000000000000002","0.15000000000000002","0.15000000000000002"
"Maria Teresa Catanese","1","0.35400000000000004","0.35400000000000004","0.35400000000000004","1","0.1593755","0.1593755","0.1593755"
"Mm El-Ibrashi","1","0.15149600000000005","0.15149600000000005","0.15149600000000005","1","0.15000000000000002","0.15000000000000002","0.15000000000000002"
"Laurent Bialy","4","0.7658568750000001","2.0682120000000004","0.39928375000000005","1","0.15000000000000002","0.15000000000000002","0.15000000000000002"
"Stephanie Langsch","1","0.15000000000000002","0.15000000000000002","0.15000000000000002","1","0.15000000000000002","0.15000000000000002","0.15000000000000002"
"Haizhong Feng","5","0.20412120000000006","0.29700750000000004","0.1690145","1","0.15000000000000002","0.15000000000000002","0.15000000000000002"
"Muhammad Jbara","2","0.17742100000000005","0.19406400000000004","0.17742100000000005","1","0.15000000000000002","0.15000000000000002","0.15000000000000002"
"Aida Gómez-Robles","1","0.18373650000000002","0.18373650000000002","0.18373650000000002","2","0.15665550000000003","0.16029350000000003","0.15665550000000003"
"Jörg Menche","1","0.6053704999999999","0.6053704999999999","0.6053704999999999","1","0.15000000000000002","0.15000000000000002","0.15000000000000002"
"George Sai-Wah Tsao","5","0.15197880000000002","0.15989400000000004","0.15000000000000002","1","0.15000000000000002","0.15000000000000002","0.15000000000000002"
"Wilson K. Clements","2","0.30845700000000004","0.4494805","0.30845700000000004","1","0.15000000000000002","0.15000000000000002","0.15000000000000002"
"Rodolphe Jazzar","1","0.907741","0.907741","0.907741","1","0.15000000000000002","0.15000000000000002","0.15000000000000002"
"Anand Giddabasappa","2","0.15000000000000002","0.15000000000000002","0.15000000000000002","1","0.15000000000000002","0.15000000000000002","0.15000000000000002"
"Fawwaz Yassin","1","0.3501409999999999","0.3501409999999999","0.3501409999999999","1","0.15000000000000002","0.15000000000000002","0.15000000000000002"
"Alexey G. Sergeev","4","1.167163125","2.325099","0.8244580000000001","1","0.16275000000000003","0.16275000000000003","0.16275000000000003"
"Javier J. Concepcion","6","1.09791575","2.4243449999999998","0.81367575","2","0.15915875000000002","0.15961350000000002","0.15915875000000002"
"Rangaswamy Chintapatla","2","0.15000000000000002","0.15000000000000002","0.15000000000000002","1","0.15000000000000002","0.15000000000000002","0.15000000000000002"
"Carlo Stresemann","3","0.4819165000000001","1.1457495000000002","0.15000000000000002","2","0.15643450000000003","0.162869","0.15643450000000003"
"Xuexian O. Yang","7","2.5447790714285716","5.4523934999999994","2.3708120000000004","1","0.15000000000000002","0.15000000000000002","0.15000000000000002"
"Adam Filipczyk","2","0.2868287500000001","0.3216745000000001","0.2868287500000001","1","0.1513345","0.1513345","0.1513345"
"Wolfgang Kastenmuller","1","0.449251","0.449251","0.449251","1","0.175245","0.175245","0.175245"
"Gustavo de Miguel","1","0.3983105","0.3983105","0.3983105","2","0.15384200000000003","0.15768400000000002","0.15384200000000003"
"Alv Johansson","1","0.15000000000000002","0.15000000000000002","0.15000000000000002","1","0.15000000000000002","0.15000000000000002","0.15000000000000002"
"Stephen P. Holly","3","0.3481690000000001","0.7234100000000001","0.171097","1","0.15000000000000002","0.15000000000000002","0.15000000000000002"
"Jeroen W J van Heijst","2","0.29569","0.43910199999999994","0.29569","1","0.17227000000000003","0.17227000000000003","0.17227000000000003"
"S Lipkowitz","1","1.1597999999999997","1.1597999999999997","1.1597999999999997","1","0.15000000000000002","0.15000000000000002","0.15000000000000002"
"Danielle Carroll","2","0.15000000000000002","0.15000000000000002","0.15000000000000002","1","0.15000000000000002","0.15000000000000002","0.15000000000000002"
"XiaoJuan Sun","2","0.19702200000000003","0.244044","0.19702200000000003","1","0.15000000000000002","0.15000000000000002","0.15000000000000002"
"Marta Maria Gaglia","2","0.16755675000000003","0.1766475","0.16755675000000003","1","0.17866200000000002","0.17866200000000002","0.17866200000000002"
"Hazem El-Osta","2","0.15000000000000002","0.15000000000000002","0.15000000000000002","2","0.15000000000000002","0.15000000000000002","0.15000000000000002"
"Teuta Pilizota","1","0.3405785","0.3405785","0.3405785","1","0.15397800000000003","0.15397800000000003","0.15397800000000003"
"Erica T. Warner","1","0.15000000000000002","0.15000000000000002","0.15000000000000002","1","0.15000000000000002","0.15000000000000002","0.15000000000000002"
"Min Sup Song","6","0.8470694166666667","1.3207645000000003","0.94643725","1","0.17550000000000002","0.17550000000000002","0.17550000000000002"
"Decheng Ren","4","0.691507375","0.9257015","0.7984395","1","0.15000000000000002","0.15000000000000002","0.15000000000000002"
"Ruth L. Vinall","1","0.15000000000000002","0.15000000000000002","0.15000000000000002","1","0.15000000000000002","0.15000000000000002","0.15000000000000002"
"Ben Youngblood","1","0.24395900000000004","0.24395900000000004","0.24395900000000004","1","0.15000000000000002","0.15000000000000002","0.15000000000000002"
"Elzo de Wit","4","0.6769915000000001","1.3267825000000002","0.47886925","1","0.15000000000000002","0.15000000000000002","0.15000000000000002"
"Ferdinandos Skoulidis","6","0.23210575000000003","0.4256465","0.15000000000000002","1","0.15000000000000002","0.15000000000000002","0.15000000000000002"
"Jin Kyung Suh","1","0.15000000000000002","0.15000000000000002","0.15000000000000002","1","0.15000000000000002","0.15000000000000002","0.15000000000000002"
"James Pannucci","1","0.9059900000000001","0.9059900000000001","0.9059900000000001","1","0.21375000000000002","0.21375000000000002","0.21375000000000002"
"Eleonora Leucci","1","0.23126850000000002","0.23126850000000002","0.23126850000000002","1","0.15357","0.15357","0.15357"
"Taek Kang","4","0.4198155","0.819443","0.3447605","1","0.15000000000000002","0.15000000000000002","0.15000000000000002"
"Argyris Politis","3","0.21431383333333334","0.3255675","0.16652400000000003","1","0.15969850000000002","0.15969850000000002","0.15969850000000002"
"Jane Bayani","5","0.2986599","0.8932994999999999","0.15000000000000002","1","0.15000000000000002","0.15000000000000002","0.15000000000000002"
"Bénédicte F. Py","1","0.223151","0.223151","0.223151","1","0.15899300000000002","0.15899300000000002","0.15899300000000002"
"Tyler D.P. Brunet","1","0.19455700000000004","0.19455700000000004","0.19455700000000004","1","0.1597155","0.1597155","0.1597155"
"Donna M. DiMichele","1","0.15000000000000002","0.15000000000000002","0.15000000000000002","1","0.17099500000000004","0.17099500000000004","0.17099500000000004"
"Chengcan Yao","1","1.4499645000000003","1.4499645000000003","1.4499645000000003","1","0.16780750000000003","0.16780750000000003","0.16780750000000003"
"Omar Aljitawi","1","0.15000000000000002","0.15000000000000002","0.15000000000000002","1","0.15000000000000002","0.15000000000000002","0.15000000000000002"
"Fiona Cuskin","4","0.23967712500000005","0.38556050000000003","0.20980600000000005","1","0.15000000000000002","0.15000000000000002","0.15000000000000002"
"Eleni Tomazou","1","0.15000000000000002","0.15000000000000002","0.15000000000000002","1","0.15000000000000002","0.15000000000000002","0.15000000000000002"
"Noelle Cutter","2","0.15000000000000002","0.15000000000000002","0.15000000000000002","1","0.15000000000000002","0.15000000000000002","0.15000000000000002"
"H. Christopher Fry","6","0.22831758333333332","0.27420200000000006","0.235323","1","0.15000000000000002","0.15000000000000002","0.15000000000000002"
"Reed A.C. Siemieniuk","3","0.15676316666666668","0.1702895","0.15000000000000002","1","0.15000000000000002","0.15000000000000002","0.15000000000000002"
"Carlos Martí‐Gastaldo","2","0.27113775000000007","0.28743650000000004","0.27113775000000007","1","0.15000000000000002","0.15000000000000002","0.15000000000000002"
"Carine Bécamel","3","0.6684036666666667","0.8333320000000001","0.59064","1","0.17593350000000002","0.17593350000000002","0.17593350000000002"
"Andrea Scrima","4","0.463605375","0.7156835","0.39715875","1","0.15000000000000002","0.15000000000000002","0.15000000000000002"
"M. Phillip De Young.","1","0.15000000000000002","0.15000000000000002","0.15000000000000002","1","0.15000000000000002","0.15000000000000002","0.15000000000000002"
"Pinglong Xu","1","0.28336500000000003","0.28336500000000003","0.28336500000000003","2","0.19556425000000005","0.22888850000000002","0.19556425000000005"
"Judith S. Brand","1","0.15000000000000002","0.15000000000000002","0.15000000000000002","1","0.15000000000000002","0.15000000000000002","0.15000000000000002"
"Pete Stavropoulos","2","0.49109649999999994","0.6921979999999999","0.49109649999999994","1","0.16108400000000003","0.16108400000000003","0.16108400000000003"
"Hyung Bae Kwon","2","0.3507147500000001","0.4223315000000001","0.3507147500000001","1","0.28824400000000006","0.28824400000000006","0.28824400000000006"
"Ruhee Dere","1","0.2662885","0.2662885","0.2662885","1","0.15000000000000002","0.15000000000000002","0.15000000000000002"
"Javeed Iqbal","7","0.3540145714285714","1.0395505","0.21217750000000002","1","0.15000000000000002","0.15000000000000002","0.15000000000000002"
"Hh Soliman","2","0.15000000000000002","0.15000000000000002","0.15000000000000002","1","0.15000000000000002","0.15000000000000002","0.15000000000000002"
"Mark E. Hatley","4","0.621803125","1.2730285","0.51055725","3","0.15000000000000002","0.15000000000000002","0.15000000000000002"
"Anthony J. Saporita","2","0.35467575","0.478984","0.35467575","1","0.156069","0.156069","0.156069"
"Liran I. Shlush","6","0.5017654166666666","2.0249810000000004","0.15543575000000004","1","0.15000000000000002","0.15000000000000002","0.15000000000000002"
"Manja Meggendorfer","9","0.20722294444444442","0.6550615","0.15000000000000002","1","0.15000000000000002","0.15000000000000002","0.15000000000000002"
"Colin Sandercock","1","0.29108300000000004","0.29108300000000004","0.29108300000000004","1","0.15000000000000002","0.15000000000000002","0.15000000000000002"
"Timothy B. Durham","3","0.24694816666666666","0.3988545","0.173579","1","0.15000000000000002","0.15000000000000002","0.15000000000000002"
"Fernando Doñate","1","0.16268200000000002","0.16268200000000002","0.16268200000000002","1","0.15000000000000002","0.15000000000000002","0.15000000000000002"
"Noah W. Palm","7","0.41236828571428574","0.7937645","0.3319935","1","0.15000000000000002","0.15000000000000002","0.15000000000000002"
"Ann Kinga Malinowski","1","0.29066650000000005","0.29066650000000005","0.29066650000000005","1","0.15363800000000002","0.15363800000000002","0.15363800000000002"
"Lisa Pleyer","7","0.16048657142857148","0.17635","0.16310700000000003","1","0.15000000000000002","0.15000000000000002","0.15000000000000002"
"Justin T. Wahlstrom","1","0.15000000000000002","0.15000000000000002","0.15000000000000002","1","0.15000000000000002","0.15000000000000002","0.15000000000000002"
"Ryu Yanagisawa","1","0.15000000000000002","0.15000000000000002","0.15000000000000002","1","0.15000000000000002","0.15000000000000002","0.15000000000000002"
"Clifford W. Hicks","1","0.307165","0.307165","0.307165","1","0.19250000000000003","0.19250000000000003","0.19250000000000003"
"Marisa Shiina","1","0.19889200000000004","0.19889200000000004","0.19889200000000004","1","0.15144500000000002","0.15144500000000002","0.15144500000000002"
"Youfa Cheng","3","1.0737403333333333","2.309799","0.46841849999999996","1","0.15000000000000002","0.15000000000000002","0.15000000000000002"
"Julian G. West","1","0.20976350000000002","0.20976350000000002","0.20976350000000002","1","0.15000000000000002","0.15000000000000002","0.15000000000000002"
"Matthew D. Cheeseman","1","0.16569950000000003","0.16569950000000003","0.16569950000000003","1","0.15000000000000002","0.15000000000000002","0.15000000000000002"
"Zhijun Ning","1","0.40535699999999997","0.40535699999999997","0.40535699999999997","1","0.15000000000000002","0.15000000000000002","0.15000000000000002"
"Helen M. Lazear","4","0.27552587500000003","0.43566800000000006","0.242837","1","0.15000000000000002","0.15000000000000002","0.15000000000000002"
"Camila B. Almeida","5","0.18410880000000002","0.320544","0.15000000000000002","1","0.15000000000000002","0.15000000000000002","0.15000000000000002"
"Cigall Kadoch","8","0.28167881250000004","0.880252","0.15000000000000002","4","0.15010412500000003","0.1504165","0.15000000000000002"
"David M. Suter","2","0.6715939999999999","1.1524134999999998","0.6715939999999999","1","0.17404650000000002","0.17404650000000002","0.17404650000000002"
"Matthias J. Feige","3","0.18125733333333335","0.21411550000000001","0.17081650000000004","1","0.15000000000000002","0.15000000000000002","0.15000000000000002"
"Beatrice Gini","2","0.15504900000000002","0.16009800000000002","0.15504900000000002","1","0.19193900000000003","0.19193900000000003","0.19193900000000003"
"Suzanne M. Vercauteren","1","0.3623045","0.3623045","0.3623045","1","0.15000000000000002","0.15000000000000002","0.15000000000000002"
"Corinne Sagné","1","1.027472","1.027472","1.027472","1","0.15000000000000002","0.15000000000000002","0.15000000000000002"
"Michael Hebeisen","2","0.24242475000000002","0.257423","0.24242475000000002","1","0.15000000000000002","0.15000000000000002","0.15000000000000002"
"Ernest K. Amankwah","5","0.15000000000000002","0.15000000000000002","0.15000000000000002","1","0.156069","0.156069","0.156069"
"Jack M. Lionberger","3","0.6478988333333333","1.5829045","0.2066695","1","0.15000000000000002","0.15000000000000002","0.15000000000000002"
"Artem A. Bakulin","2","1.373643","2.481295","1.373643","1","0.15000000000000002","0.15000000000000002","0.15000000000000002"
"Quanjiang Ji","2","0.18942725000000002","0.19080850000000005","0.18942725000000002","1","0.15000000000000002","0.15000000000000002","0.15000000000000002"
"Gustavo J. Martinez","4","0.27854975000000004","0.3011555","0.29440225000000003","1","0.15000000000000002","0.15000000000000002","0.15000000000000002"
"Tianjiao Lyu","1","0.15000000000000002","0.15000000000000002","0.15000000000000002","1","0.15000000000000002","0.15000000000000002","0.15000000000000002"
"Y. Lucy Liu","7","0.16976492857142858","0.27175400000000005","0.15000000000000002","1","0.15000000000000002","0.15000000000000002","0.15000000000000002"
"Ekaterina Likhtik","3","0.566245","1.1369095","0.4118255","1","0.15000000000000002","0.15000000000000002","0.15000000000000002"
"Ricardo J. Flores","5","0.15000000000000002","0.15000000000000002","0.15000000000000002","1","0.15000000000000002","0.15000000000000002","0.15000000000000002"
"Susanne H. C. Baumeister","1","0.20763850000000003","0.20763850000000003","0.20763850000000003","1","0.15000000000000002","0.15000000000000002","0.15000000000000002"
"Zeynep Madak Erdogan","1","0.15000000000000002","0.15000000000000002","0.15000000000000002","1","0.15000000000000002","0.15000000000000002","0.15000000000000002"
"Ad J. M. Gillis","1","0.15000000000000002","0.15000000000000002","0.15000000000000002","1","0.15000000000000002","0.15000000000000002","0.15000000000000002"
"Sabine Petry","5","0.41142599999999996","0.9416815000000001","0.2682775","1","0.15000000000000002","0.15000000000000002","0.15000000000000002"
"Vivian Y. Shin","2","0.15000000000000002","0.15000000000000002","0.15000000000000002","1","0.15000000000000002","0.15000000000000002","0.15000000000000002"
"Lawrence N. Kwong","10","0.22155470000000005","0.6562515000000001","0.15786250000000002","1","0.15000000000000002","0.15000000000000002","0.15000000000000002"
"Angela M. Hancock","4","0.708477625","0.8816375000000001","0.7027379999999999","2","0.15000000000000002","0.15000000000000002","0.15000000000000002"
"Maria-Theresa Krauth","1","0.15000000000000002","0.15000000000000002","0.15000000000000002","1","0.15000000000000002","0.15000000000000002","0.15000000000000002"
"Matthew T. Kieber-Emmons","5","0.26816700000000004","0.39349100000000004","0.21887550000000003","1","0.15000000000000002","0.15000000000000002","0.15000000000000002"
"Nl Henry","5","0.1527591","0.1617725","0.15000000000000002","2","0.15000000000000002","0.15000000000000002","0.15000000000000002"
"Christos G. Savva","1","0.245727","0.245727","0.245727","1","0.15684250000000002","0.15684250000000002","0.15684250000000002"
"Christof B. Mast","1","0.2798800000000001","0.2798800000000001","0.2798800000000001","3","0.15392133333333335","0.16176400000000002","0.15000000000000002"
"Um Wallon","2","0.31270275000000003","0.47540550000000004","0.31270275000000003","1","0.15000000000000002","0.15000000000000002","0.15000000000000002"
"Crispin Lichtenberg","13","0.19756926923076928","0.29938750000000003","0.19385150000000004","2","0.21375000000000002","0.2775","0.21375000000000002"
"Nirav R. Bhakta","2","0.72580275","1.0162520000000002","0.72580275","8","0.15000000000000002","0.15000000000000002","0.15000000000000002"
"Andrew P. Hinck","1","0.18188350000000006","0.18188350000000006","0.18188350000000006","1","0.15000000000000002","0.15000000000000002","0.15000000000000002"
"Gladys Morrison","1","0.15000000000000002","0.15000000000000002","0.15000000000000002","1","0.15000000000000002","0.15000000000000002","0.15000000000000002"
"Katarzyna Marcinkiewicz","1","0.15000000000000002","0.15000000000000002","0.15000000000000002","2","0.15000000000000002","0.15000000000000002","0.15000000000000002"
"Luisa Cochella","6","0.36369425000000005","0.87233","0.30138925000000005","1","0.155542","0.155542","0.155542"
"Nicholas Stavropoulos","2","0.69844975","1.0904654999999999","0.69844975","1","0.15000000000000002","0.15000000000000002","0.15000000000000002"
"Jun R. Huh","4","0.6588886250000001","1.1758395000000001","0.64923475","2","0.3017675","0.453535","0.3017675"
"Banhidy Nf","1","0.15000000000000002","0.15000000000000002","0.15000000000000002","1","0.15000000000000002","0.15000000000000002","0.15000000000000002"
"Hong-Ping Guan","3","1.2561191666666665","2.2415779999999996","1.3767794999999998","1","0.156069","0.156069","0.156069"
"Juzheng Sheng","2","0.26473725000000004","0.26637350000000004","0.26473725000000004","1","0.15160650000000003","0.15160650000000003","0.15160650000000003"
"Mark J. Ernsting","1","0.15000000000000002","0.15000000000000002","0.15000000000000002","1","0.15000000000000002","0.15000000000000002","0.15000000000000002"
"Ruiting Lin","1","0.26808200000000004","0.26808200000000004","0.26808200000000004","1","0.15000000000000002","0.15000000000000002","0.15000000000000002"
"John R. Lukens","5","0.2668784","0.4500585","0.2180765","1","0.153264","0.153264","0.153264"
"Marina Caskey","2","0.7897609999999999","0.813901","0.7897609999999999","1","0.24506400000000003","0.24506400000000003","0.24506400000000003"
"Stefanie Ranf","1","0.265566","0.265566","0.265566","1","0.15613700000000003","0.15613700000000003","0.15613700000000003"
"Omer Durak","1","0.15454750000000003","0.15454750000000003","0.15454750000000003","1","0.15000000000000002","0.15000000000000002","0.15000000000000002"
"Wendy R. Gordon","3","0.5463408333333333","0.930572","0.5523899999999999","1","0.15000000000000002","0.15000000000000002","0.15000000000000002"
"Stefano Ugel","4","0.23740550000000005","0.3024730000000001","0.24857450000000003","1","0.15339150000000001","0.15339150000000001","0.15339150000000001"
"Shulin Ju","2","0.39206725000000003","0.4173335","0.39206725000000003","1","0.15000000000000002","0.15000000000000002","0.15000000000000002"
"Timothy J. Nice","4","0.312173625","0.47691000000000006","0.31089225000000004","1","0.15000000000000002","0.15000000000000002","0.15000000000000002"
"Ivan Krivega","3","0.1654076666666667","0.196223","0.15000000000000002","1","0.15000000000000002","0.15000000000000002","0.15000000000000002"
"Tiffany C. Scharschmidt","1","0.2622085","0.2622085","0.2622085","2","0.15000000000000002","0.15000000000000002","0.15000000000000002"
"Luis E. Arias Romero","1","0.15000000000000002","0.15000000000000002","0.15000000000000002","1","0.15000000000000002","0.15000000000000002","0.15000000000000002"
"Young Hoon Sung","3","0.6292923333333333","1.5623345","0.17173450000000004","1","0.24170650000000002","0.24170650000000002","0.24170650000000002"
"Stephen P.J. Fancy","4","0.54882","1.0299114999999999","0.5076842500000001","1","0.2190625","0.2190625","0.2190625"
"Soumya Pandey","1","0.18308200000000005","0.18308200000000005","0.18308200000000005","1","0.15000000000000002","0.15000000000000002","0.15000000000000002"
"Anne-Marie Schjerning Olsen","1","0.6648789999999999","0.6648789999999999","0.6648789999999999","1","0.15000000000000002","0.15000000000000002","0.15000000000000002"
"An Shajahan-Haq","1","0.15000000000000002","0.15000000000000002","0.15000000000000002","1","0.15000000000000002","0.15000000000000002","0.15000000000000002"
"Ines A. Drinnenberg","2","0.8589850000000001","1.0056780000000003","0.8589850000000001","1","0.15000000000000002","0.15000000000000002","0.15000000000000002"
"Sharon Barrans","3","0.15051000000000003","0.15153000000000003","0.15000000000000002","1","0.15000000000000002","0.15000000000000002","0.15000000000000002"
"Suliman Al-Fayoumi","1","0.15000000000000002","0.15000000000000002","0.15000000000000002","1","0.15000000000000002","0.15000000000000002","0.15000000000000002"
"Kristin J. Hope","2","0.33913775","0.5282755","0.33913775","1","0.18468850000000003","0.18468850000000003","0.18468850000000003"
"Amparo Santamaría","1","0.15000000000000002","0.15000000000000002","0.15000000000000002","1","0.15000000000000002","0.15000000000000002","0.15000000000000002"
"Andrew Adey","1","0.6622779999999999","0.6622779999999999","0.6622779999999999","1","0.296285","0.296285","0.296285"
"Olivier Nolan-Stevaux","2","0.77214475","1.3942895000000002","0.77214475","1","0.15000000000000002","0.15000000000000002","0.15000000000000002"
"Zoltán Jakus","1","0.316736","0.316736","0.316736","1","0.15000000000000002","0.15000000000000002","0.15000000000000002"
"Andrew J. Mhyre","1","0.236377","0.236377","0.236377","1","0.15000000000000002","0.15000000000000002","0.15000000000000002"
"Dmitry V. Peryshkov","3","0.447619","0.586373","0.395667","1","0.18026850000000003","0.18026850000000003","0.18026850000000003"
"Sekar Ramachandran","2","0.1665835","0.1704","0.1665835","1","0.15220150000000002","0.15220150000000002","0.15220150000000002"
"Madhur Mangalam","1","0.173273","0.173273","0.173273","1","0.19448900000000002","0.19448900000000002","0.19448900000000002"
"Hiroatsu Iida","1","0.37813149999999995","0.37813149999999995","0.37813149999999995","1","0.15000000000000002","0.15000000000000002","0.15000000000000002"
"Cody S. Szuwalski","1","0.19770200000000002","0.19770200000000002","0.19770200000000002","1","0.16212100000000004","0.16212100000000004","0.16212100000000004"
"C-Y Liu","1","0.15000000000000002","0.15000000000000002","0.15000000000000002","1","0.15000000000000002","0.15000000000000002","0.15000000000000002"
"Thomas W. Winkler","2","0.19873900000000003","0.24273500000000003","0.19873900000000003","1","0.15000000000000002","0.15000000000000002","0.15000000000000002"
"Rinath Jeselsohn","4","0.22847625000000002","0.463905","0.15000000000000002","2","0.150459","0.15091800000000002","0.150459"
"Amit K. Guria","1","0.1729925","0.1729925","0.1729925","1","0.15000000000000002","0.15000000000000002","0.15000000000000002"
"J Huober","3","0.1607326666666667","0.17730200000000002","0.15489600000000003","1","0.15000000000000002","0.15000000000000002","0.15000000000000002"
"Connie H. Y. Wong","2","0.57909275","0.7415915000000001","0.57909275","1","0.15899300000000002","0.15899300000000002","0.15899300000000002"
"Chenfeng Ke","2","0.385093","0.4793155","0.385093","2","0.15000000000000002","0.15000000000000002","0.15000000000000002"
"Robert Hoepner","1","0.1812545","0.1812545","0.1812545","1","0.15986850000000002","0.15986850000000002","0.15986850000000002"
"Wenhao Sun","1","0.22253900000000001","0.22253900000000001","0.22253900000000001","1","0.15000000000000002","0.15000000000000002","0.15000000000000002"
"Oriol Gallego","1","0.57585","0.57585","0.57585","1","0.15770100000000004","0.15770100000000004","0.15770100000000004"
"Duane D. Winkler","2","0.33462425","0.3360735","0.33462425","1","0.15000000000000002","0.15000000000000002","0.15000000000000002"
"Sarah E. Turbett","1","0.15000000000000002","0.15000000000000002","0.15000000000000002","1","0.16416100000000003","0.16416100000000003","0.16416100000000003"
"Ricardo Helman","4","0.15282625000000002","0.16130500000000003","0.15000000000000002","1","0.15000000000000002","0.15000000000000002","0.15000000000000002"
"Cindy Zer","1","0.17892550000000004","0.17892550000000004","0.17892550000000004","1","0.15000000000000002","0.15000000000000002","0.15000000000000002"
"Selena Gimenez-Ibanez","1","0.262183","0.262183","0.262183","1","0.15722500000000003","0.15722500000000003","0.15722500000000003"
"Mario Mancino","1","0.1767835","0.1767835","0.1767835","1","0.15000000000000002","0.15000000000000002","0.15000000000000002"
"Miki Ohira-Ichikawa","1","0.15000000000000002","0.15000000000000002","0.15000000000000002","1","0.15000000000000002","0.15000000000000002","0.15000000000000002"
"Jonathan C. Hagopian","1","0.3616585","0.3616585","0.3616585","1","0.15000000000000002","0.15000000000000002","0.15000000000000002"
"Eve J. Wildman","1","0.20240250000000004","0.20240250000000004","0.20240250000000004","1","0.161781","0.161781","0.161781"
"Kate Stringaris","3","0.15051000000000003","0.15153000000000003","0.15000000000000002","1","0.15000000000000002","0.15000000000000002","0.15000000000000002"
"Thomas Widiez","1","0.21950450000000002","0.21950450000000002","0.21950450000000002","1","0.163974","0.163974","0.163974"
"Sarah Mougalian","1","0.15000000000000002","0.15000000000000002","0.15000000000000002","1","0.15000000000000002","0.15000000000000002","0.15000000000000002"
"Nirmal Robinson","1","0.627734","0.627734","0.627734","1","0.15000000000000002","0.15000000000000002","0.15000000000000002"
"Jeffrey A. Magee","6","1.16194625","3.3293825","0.7930674999999999","1","0.15000000000000002","0.15000000000000002","0.15000000000000002"
"Oxana V. Makarova-Rusher","1","0.15000000000000002","0.15000000000000002","0.15000000000000002","1","0.15000000000000002","0.15000000000000002","0.15000000000000002"
"Martin C. Moncrieffe","2","0.25462225000000005","0.3300215","0.25462225000000005","1","0.15215050000000002","0.15215050000000002","0.15215050000000002"
"Ashley R. Winslow","2","0.6626349999999999","1.1752699999999998","0.6626349999999999","1","0.4658515","0.4658515","0.4658515"
"Laura Hautala","4","0.15000000000000002","0.15000000000000002","0.15000000000000002","1","0.15000000000000002","0.15000000000000002","0.15000000000000002"
"Xinqiang Fang","4","0.40014649999999996","0.6053789999999999","0.40587549999999994","1","0.2860255","0.2860255","0.2860255"
"Daniel S. Rizzuto","3","0.6186191666666666","1.2249439999999998","0.4495400000000001","1","0.22075400000000003","0.22075400000000003","0.22075400000000003"
"Claudio R. Alarcón","1","0.30398600000000003","0.30398600000000003","0.30398600000000003","1","0.15000000000000002","0.15000000000000002","0.15000000000000002"
"Abdulrahman A. Al-Khateeb","1","0.15000000000000002","0.15000000000000002","0.15000000000000002","1","0.2775","0.2775","0.2775"
"L Zelek","1","0.15000000000000002","0.15000000000000002","0.15000000000000002","1","0.15000000000000002","0.15000000000000002","0.15000000000000002"
"Allison J Bardin","1","1.7625264999999997","1.7625264999999997","1.7625264999999997","1","0.15000000000000002","0.15000000000000002","0.15000000000000002"
"Chie-Hong Wang","2","0.2749075","0.3562695","0.2749075","1","0.15000000000000002","0.15000000000000002","0.15000000000000002"
"Seungyoun Jung","1","0.15000000000000002","0.15000000000000002","0.15000000000000002","1","0.15000000000000002","0.15000000000000002","0.15000000000000002"
"Carmen Chak Lui Wong","3","0.3253833333333333","0.6761499999999999","0.15000000000000002","1","0.15000000000000002","0.15000000000000002","0.15000000000000002"
"Yu Hoshino","6","0.7490700833333334","1.4339249999999997","0.4753885","1","0.154811","0.154811","0.154811"
"Ayesha Zia","4","0.15000000000000002","0.15000000000000002","0.15000000000000002","2","0.15000000000000002","0.15000000000000002","0.15000000000000002"
"Russell J. Garland","1","0.15000000000000002","0.15000000000000002","0.15000000000000002","1","0.15000000000000002","0.15000000000000002","0.15000000000000002"
"Kebede Begna","5","0.16491070000000002","0.18754450000000003","0.160251","1","0.15000000000000002","0.15000000000000002","0.15000000000000002"
"Amol S. Navathe","1","0.28178400000000003","0.28178400000000003","0.28178400000000003","3","0.15533233333333335","0.165997","0.15000000000000002"
"Narimon Honarpour","1","0.46146550000000003","0.46146550000000003","0.46146550000000003","1","0.18303950000000002","0.18303950000000002","0.18303950000000002"
"Andreas Rinne","2","0.25084400000000007","0.30104500000000006","0.25084400000000007","1","0.15000000000000002","0.15000000000000002","0.15000000000000002"
"Sean E. Pidgeon","1","0.16812200000000002","0.16812200000000002","0.16812200000000002","1","0.15000000000000002","0.15000000000000002","0.15000000000000002"
"Kyung-Hyun Park-Min","1","0.669401","0.669401","0.669401","1","0.15637500000000001","0.15637500000000001","0.15637500000000001"
"Siwen Hu-Lieskovan","4","1.0720353750000002","3.1716225000000002","0.48325949999999995","1","0.15595000000000003","0.15595000000000003","0.15595000000000003"
"Tma Abdel-Fatah","4","0.15087550000000002","0.15205700000000003","0.15072250000000004","1","0.15000000000000002","0.15000000000000002","0.15000000000000002"
"Dina Lipkind","2","0.26673900000000006","0.32249900000000004","0.26673900000000006","1","0.15000000000000002","0.15000000000000002","0.15000000000000002"
"James D. Blakemore","2","1.0102764999999998","1.6156464999999998","1.0102764999999998","1","0.18489250000000002","0.18489250000000002","0.18489250000000002"
"Krimo Bouabdallah","3","0.15000000000000002","0.15000000000000002","0.15000000000000002","1","0.15000000000000002","0.15000000000000002","0.15000000000000002"
"Chuanzheng Zhou","4","0.19356675000000004","0.207647","0.20073225","1","0.15000000000000002","0.15000000000000002","0.15000000000000002"
"Nirali N. Shah","6","0.17432983333333332","0.271618","0.15517225","1","0.15000000000000002","0.15000000000000002","0.15000000000000002"
"Neir Eshel","2","0.19278475","0.23556950000000001","0.19278475","1","0.15000000000000002","0.15000000000000002","0.15000000000000002"
"Valentina Giai","1","0.15000000000000002","0.15000000000000002","0.15000000000000002","1","0.15000000000000002","0.15000000000000002","0.15000000000000002"
"Shelya X. Zeng","3","0.2659315","0.41942450000000003","0.22837000000000002","1","0.15189550000000004","0.15189550000000004","0.15189550000000004"
"Allon M. Klein","3","0.7179841666666666","1.0542979999999997","0.7463855","1","0.15000000000000002","0.15000000000000002","0.15000000000000002"
"Janel L. Kopp","3","0.41605000000000003","0.7472525","0.2875725","1","0.15000000000000002","0.15000000000000002","0.15000000000000002"
"Nicholas M. Levinson","4","0.528039625","1.2103835","0.33598","1","0.15303450000000002","0.15303450000000002","0.15303450000000002"
"Ethan Buhr","2","0.16999625000000002","0.17407200000000003","0.16999625000000002","1","0.15000000000000002","0.15000000000000002","0.15000000000000002"
"Phillip M. Garfin","3","0.1624836666666667","0.18681350000000002","0.15063750000000004","1","0.15000000000000002","0.15000000000000002","0.15000000000000002"
"Diane D. Shao","1","0.6649385","0.6649385","0.6649385","1","0.15000000000000002","0.15000000000000002","0.15000000000000002"
"Michael L. Stitzel","4","0.505586875","0.7993745","0.5364865000000001","1","0.15271150000000003","0.15271150000000003","0.15271150000000003"
"Gb Mann","1","0.15000000000000002","0.15000000000000002","0.15000000000000002","1","0.15000000000000002","0.15000000000000002","0.15000000000000002"
"Priscilla N. Kelly","5","1.1370999000000002","4.676845","0.3198725","11","0.15","0.15000000000000002","0.15000000000000002"
"L Schwartzberg","1","0.15000000000000002","0.15000000000000002","0.15000000000000002","1","0.15000000000000002","0.15000000000000002","0.15000000000000002"
"Mallar Bhattacharya","1","0.15530400000000003","0.15530400000000003","0.15530400000000003","7","0.15000000000000005","0.15000000000000002","0.15000000000000002"
"Lamis K Eldjerou","1","0.194183","0.194183","0.194183","1","0.15000000000000002","0.15000000000000002","0.15000000000000002"
"Maralice Conacci-Sorrell","6","1.1548388333333333","2.6730124999999996","0.7874447500000001","1","0.152091","0.152091","0.152091"
"Amir Haji-Akbari","2","0.6306324999999999","1.0176034999999999","0.6306324999999999","1","0.15249900000000002","0.15249900000000002","0.15249900000000002"
"Marzenna Blonska","6","0.25151408333333336","0.5230140000000001","0.17185775000000003","1","0.15000000000000002","0.15000000000000002","0.15000000000000002"
"Montserrat C. Anguera","4","0.33149837500000007","0.40000199999999997","0.3194942500000001","1","0.18971200000000002","0.18971200000000002","0.18971200000000002"
"Yongjun Leng","1","0.608898","0.608898","0.608898","1","0.29977000000000004","0.29977000000000004","0.29977000000000004"
"Rodrigo A. Maillard","1","0.5794115000000001","0.5794115000000001","0.5794115000000001","1","0.15000000000000002","0.15000000000000002","0.15000000000000002"
"Clotilde Lagier-Tourenne","4","0.95104425","2.0039350000000002","0.75200825","2","0.254873","0.34841550000000004","0.254873"
"Prakash Rucktooa","1","0.21440450000000003","0.21440450000000003","0.21440450000000003","1","0.16176400000000002","0.16176400000000002","0.16176400000000002"
"Susumu Goyama","9","0.27705799999999997","0.9018844999999999","0.16650700000000002","1","0.15000000000000002","0.15000000000000002","0.15000000000000002"
"Leopoldo Petreanu","3","1.7042249999999999","2.7865385","1.7601124999999997","1","0.15075650000000002","0.15075650000000002","0.15075650000000002"
"Yutaka Yawata","1","0.32013600000000003","0.32013600000000003","0.32013600000000003","1","0.15000000000000002","0.15000000000000002","0.15000000000000002"
"Maciej A. Walczak","2","0.20699675","0.2122115","0.20699675","1","0.15000000000000002","0.15000000000000002","0.15000000000000002"
"Alejandra Armengol-Alonso","1","0.15000000000000002","0.15000000000000002","0.15000000000000002","1","0.15000000000000002","0.15000000000000002","0.15000000000000002"
"Erhu Cao","4","0.61866025","1.0269705","0.5337452500000002","1","0.1609055","0.1609055","0.1609055"
"Julie-Aurore Losman","3","0.30638583333333336","0.6191575","0.15000000000000002","1","0.15000000000000002","0.15000000000000002","0.15000000000000002"
"Felipe Mora-Bermúdez","1","0.613386","0.613386","0.613386","1","0.15000000000000002","0.15000000000000002","0.15000000000000002"
"Steven Grangé","1","0.211812","0.211812","0.211812","1","0.15000000000000002","0.15000000000000002","0.15000000000000002"
"S Moulder","1","0.15000000000000002","0.15000000000000002","0.15000000000000002","1","0.15000000000000002","0.15000000000000002","0.15000000000000002"
"Isabelle Vallet-Gely","2","0.36161600000000005","0.47041600000000006","0.36161600000000005","1","0.15000000000000002","0.15000000000000002","0.15000000000000002"
"David W. Cescon","4","0.21259187499999999","0.28148650000000003","0.2094405","1","0.15000000000000002","0.15000000000000002","0.15000000000000002"
"Salvatore Cortellino","2","1.321096","2.197463","1.321096","1","0.15000000000000002","0.15000000000000002","0.15000000000000002"
"Gerhard Sengle","6","0.33339175000000004","0.521637","0.289672","1","0.15430950000000002","0.15430950000000002","0.15430950000000002"
"Keary M. Engle","6","0.9362585000000001","1.5143095","0.9907987500000002","5","0.18940260000000003","0.319133","0.15997050000000002"
"Jesus Gomeza","4","1.2142935","1.7991359999999998","1.454019","1","0.17737000000000003","0.17737000000000003","0.17737000000000003"
"Hosea M. Nelson","4","0.307549625","0.40071599999999996","0.30889475","1","0.15000000000000002","0.15000000000000002","0.15000000000000002"
"Sebastian E. Winter","5","0.7243671","1.9654045","0.2785965000000001","2","0.15027200000000002","0.150544","0.15027200000000002"
"Soto-Pantoja","1","0.16899750000000002","0.16899750000000002","0.16899750000000002","1","0.15000000000000002","0.15000000000000002","0.15000000000000002"
"Iain R. Greig","1","0.28088300000000005","0.28088300000000005","0.28088300000000005","1","0.15000000000000002","0.15000000000000002","0.15000000000000002"
"Giuseppe La Regina","12","0.3534822083333333","0.689954","0.32658750000000003","1","0.153264","0.153264","0.153264"
"Reginald Ewesuedo","1","0.15000000000000002","0.15000000000000002","0.15000000000000002","1","0.15000000000000002","0.15000000000000002","0.15000000000000002"
"Christopher C. Oakes","5","0.3803959","0.8303484999999999","0.24923750000000003","1","0.15321300000000002","0.15321300000000002","0.15321300000000002"
"Gerald Moncayo","1","0.15000000000000002","0.15000000000000002","0.15000000000000002","1","0.15000000000000002","0.15000000000000002","0.15000000000000002"
"Aziz Nazha","21","0.15301345238095237","0.178237","0.15000000000000002","1","0.15489600000000003","0.15489600000000003","0.15489600000000003"
"Tamar Uziel","4","1.446681375","3.822476","0.90712475","1","0.15000000000000002","0.15000000000000002","0.15000000000000002"
"Marcos G. Suero","1","0.869406","0.869406","0.869406","3","0.1507791666666667","0.15233750000000004","0.15000000000000002"
"Eva Kudova","1","0.16153450000000003","0.16153450000000003","0.16153450000000003","1","0.15000000000000002","0.15000000000000002","0.15000000000000002"
