"community","avg_inner_edge_weight"
"18404","1"
"19615","1"
"19211","1"
"12240","1"
"5951","1"
"11899","1"
"4892","1"
"4865","1.6"
"19965","1"
"18942","1"
"13308","1"
"3753","1"
"5278","1"
"26299","1"
"23033","1"
"12662","1"
"18269","1"
"11603","1"
"4973","2"
"2021","1"
"25967","1"
"21912","1"
"18278","2"
"4982","1"
"4641","1"
"33010","1"
"6166","1"
"27187","1"
"20243","1"
"227","1.25"
"3627","1"
"17704","1"
"23652","1"
"19570","1"
"8454","1"
"8795","2"
"17713","1"
"11083","1"
"19893","2"
"11549","1"
"1833","1"
"20306","1"
"12985","1"
"18906","1"
"21113","1"
"12276","1"
"442","1.6666666666666667"
"25608","1"
"18260","5"
"11971","1"
"14178","2"
"7862","1"
"3062","2"
"514","1"
"14250","1"
"14905","1"
"7871","1"
"6157","1"
"6812","1"
"182","2"
"1707","1"
"21203","1.1666666666666667"
"6911","1"
"6229","1"
"13173","3"
"2802","1"
"6139","1"
"1743","1.8333333333333333"
"8750","5"
"1402","2"
"1061","1"
"4372","3"
"19875","1"
"12186","3"
"2156","1"
"1815","2.5"
"13281","1"
"13595","1"
"33279","1"
"26990","1"
"3349","1"
"5978","2"
"1492","1"
"496","1"
"1151","1"
"810","1"
"469","1"
"28865","1"
"18969","1"
"20835","1"
"7853","1"
"16008","1"
"32301","1"
"2030","2"
"24926","1"
"1689","1"
"23392","1"
"6525","1"
"10132","1"
"577","1"
"6184","1"
"2757","1"
"28201","1"
"13909","1"
"13882","1"
"15434","1"
"5511","1"
"1770","1"
"1052","1"
"22477","1"
"6947","1"
"8813","1"
"15075","1"
"8472","2"
"7754","1"
"1097","1"
"15515","1"
"9163","1.2"
"1447","1"
"4399","1"
"29502","1"
"14842","2"
"1519","1"
"801","1"
"460","1"
"29170","1"
"10114","1"
"16717","1"
"12635","1"
"6821","1"
"3394","1"
"8687","1"
"1680","1"
"20808","2"
"10096","2"
"19005","1"
"1761","1"
"34212","1"
"4282","1"
"3941","1"
"23096","1"
"18359","1"
"5036","2"
"8777","1"
"12043","1"
"2147","1"
"9988","1"
"29798","1"
"11397","1"
"7790","1"
"10652","1"
"4049","1"
"24729","1"
"25043","1"
"21122","1"
"1510","1"
"11872","2"
"3376","1"
"37038","1"
"10419","1"
"23724","1"
"2057","1"
"5323","1"
"11271","5"
"30112","1"
"4264","10"
"30426","1"
"31637","2"
"18996","1"
"11621","1"
"4677","1"
"31619","3"
"25671","1"
"24612","1"
"11038","1"
"17641","1"
"3663","1"
"23159","1"
"236","1"
"11702","1.5"
"10365","1"
"6624","1"
"4013","1"
"31685","1"
"678","1"
"2634","2"
"22103","1"
"777","1"
"12198","1"
"2302","1"
"17716","1"
"21116","1"
"17375","2"
"30330","1"
"2715","2"
"28159","1"
"10072","2"
"15706","1"
"2724","4"
"9013","3"
"3379","1"
"1297","2"
"15715","1"
"2392","1"
"30761","1"
"6124","1"
"9435","1"
"8753","1"
"3585","1"
"2930","1"
"33506","1"
"18003","1"
"6887","1"
"2939","1"
"17671","1"
"21412","1"
"23619","1"
"16675","1"
"9641","1"
"3693","1.4285714285714286"
"1952","1"
"16343","1"
"12916","1"
"9650","1"
"5227","1"
"20093","1"
"19277","1"
"10063","1"
"25225","1"
"12243","1"
"2688","1"
"472","1"
"28186","1"
"11256","1"
"3908","1"
"13463","1"
"16433","2"
"15751","1"
"11265","1"
"1369","1"
"6842","1"
"4294","1"
"3576","1"
"9937","3"
"16944","9"
"2903","1"
"3307","2"
"16298","1"
"3343","2"
"9605","1"
"12530","2"
"4868","1"
"4527","6.666666666666667"
"1100","1"
"16307","1"
"2329","1"
"11543","1.1666666666666667"
"5604","2"
"10897","1"
"463","1.5"
"26311","1"
"13418","1"
"122","2"
"31918","1"
"10565","1"
"6824","1.3333333333333333"
"6079","1"
"10260","1"
"5496","1"
"2069","1"
"1728","1"
"17276","1"
"13508","1"
"5846","1"
"12512","1"
"6160","1"
"5819","1"
"5137","1"
"20237","1"
"2625","1"
"8098","2.5"
"750","1"
"409","1"
"723","2"
"22175","1"
"5586","2"
"12593","1"
"13741","2"
"33300","1"
"3845","1"
"759","1"
"36162","1"
"25584","1"
"11202","1"
"13813","1"
"4913","1"
"10386","1"
"13409","1"
"490","1"
"2697","1"
"25934","1"
"18245","1"
"14477","1"
"6133","2"
"8313","1"
"20838","1"
"11624","1"
"13176","1"
"13490","1"
"5460","1"
"20847","1"
"12162","1"
"5469","1"
"11821","1"
"1387","1"
"27235","1"
"23126","1"
"15778","1"
"13571","1"
"12171","1"
"14037","1"
"1773","1"
"1118","1"
"714","1"
"1055","1"
"373","1"
"22480","1"
"18873","1"
"33605","1"
"6420","1"
"786","1"
"68","3"
"27782","1"
"20407","1"
"481","2.3333333333333335"
"34484","1"
"6402","1"
"35139","1"
"13786","1"
"17052","2"
"149","1"
"5756","1"
"23754","1"
"16747","1"
"15410","1"
"9031","1"
"2087","1"
"1028","1"
"1342","1"
"29738","1"
"3549","1"
"23449","1"
"23108","1"
"3208","1.3333333333333333"
"660","3"
"21681","1"
"6178","1"
"15078","1"
"1755","1"
"3962","1"
"1450","1"
"16953","1"
"7398","1"
"6716","1"
"3630","1"
"7428","1"
"32190","1"
"367","1"
"708","1"
"11519","1"
"11178","2"
"20392","1"
"403","1"
"6755","1"
"62","1"
"27435","2"
"13798","2"
"14453","1"
"6764","1"
"3157","2"
"32271","1"
"15260","1"
"8630","1"
"2682","1.8"
"20814","1"
"32280","1"
"5777","1.5"
"6432","1"
"33805","1"
"7616","1"
"13134","1"
"15682","1"
"6504","2"
"15341","1"
"8056","1"
"5104","1"
"7311","5"
"19154","2"
"14695","1"
"8720","1"
"17620","1"
"7724","1"
"8038","1.5"
"3956","2"
"2556","1"
"7733","1"
"34765","1"
"18176","1"
"14776","1"
"16615","1"
"7060","1"
"771","1"
"9267","2"
"27058","1"
"23003","1"
"16310","1"
"6414","1"
"13080","1"
"5391","1"
"1650","1.3333333333333333"
"20464","1"
"9348","1"
"1318","1"
"977","2"
"16050","1.75"
"1731","1"
"1013","5"
"13663","1"
"16525","1"
"10236","1"
"1399","3"
"7347","1.5"
"1058","1"
"2547","1"
"16938","1"
"10649","1"
"1067","1"
"21774","1"
"21433","1"
"27381","1"
"20033","1"
"17010","1"
"16265","2"
"8917","1"
"80","1"
"5553","1"
"2942","1"
"13412","1"
"22285","1"
"1641","1.3333333333333333"
"2296","1"
"29983","1"
"16687","1"
"16346","1"
"11923","1"
"8316","1"
"1623","1"
"627","1.8666666666666667"
"25255","1"
"17539","1"
"4584","1"
"10191","1"
"19100","1"
"9204","5"
"5131","3"
"5849","1"
"12138","1"
"22949","1"
"19522","1"
"16633","1"
"2996","1"
"5517","1"
"1910","1"
"16669","1"
"16642","1"
"9294","1"
"30378","1"
"4189","1"
"923","2"
"14973","2"
"10514","1"
"10173","1"
"36676","1"
"30046","1"
"457","1"
"932","1"
"34801","1"
"116","1"
"5409","1"
"9375","2"
"2870","1"
"33787","1"
"14336","1"
"12775","1"
"2538","1"
"22904","1"
"19163","1"
"18481","1"
"6181","1"
"32809","1"
"13197","1"
"12856","1"
"5194","2.5"
"4512","1.5"
"7033","1"
"744","1.3333333333333333"
"25192","1"
"13735","1"
"6387","2.3333333333333335"
"3498","1"
"11196","1"
"6459","1"
"107","2.2"
"6055","1"
"6468","1.25"
"7993","1"
"12425","1"
"19091","1"
"18445","1"
"4808","1"
"5804","1"
"4467","1"
"726","1"
"15891","1"
"10257","1"
"9261","1"
"11127","1"
"1545","1"
"17425","1"
"36984","1"
"5161","2"
"20350","2"
"7063","1"
"3860","1.6666666666666667"
"32570","1"
"908","1"
"3088","1"
"24881","1"
"15299","1"
"19381","2"
"13092","1"
"12096","1"
"3196","1"
"2855","1.3333333333333333"
"8669","1"
"4721","1.5"
"33090","1"
"10239","1"
"4075","1"
"4389","1"
"3734","1.5"
"307","1"
"16941","1"
"648","1"
"19121","1"
"18125","7"
"11773","1"
"1877","1"
"13980","2"
"13639","1"
"13298","1"
"15927","1"
"18134","1"
"5152","1"
"20000","2"
"6022","1"
"6031","1.5"
"34741","1"
"27052","1"
"20395","1"
"13074","1"
"3492","1"
"3151","1"
"1617","1"
"4703","1"
"5017","1"
"12401","1"
"13926","3"
"7637","1.3333333333333333"
"33799","1"
"944","1"
"14276","4"
"7987","2"
"7646","2"
"4757","1.5"
"14348","1"
"9925","1"
"5977","1"
"27680","1"
"4461","2"
"7072","2"
"379","1"
"9593","1"
"5645","1"
"1904","1"
"20745","1"
"20377","1"
"14088","1"
"6740","1"
"25554","1"
"12347","1"
"5995","1"
"5654","1"
"1913","1"
"1572","6"
"1231","1"
"13442","1"
"12356","1"
"14904","1"
"1267","1"
"5322","1"
"23006","1"
"6076","1"
"13917","1"
"7628","1"
"1653","1"
"33449","1"
"6946","1"
"7260","1"
"1312","1.2"
"28712","3"
"14985","1.3333333333333333"
"14330","2"
"1321","2"
"666","1"
"6614","4"
"7269","1"
"2532","1"
"17264","3"
"14312","1"
"361","2.193548387096774"
"10230","1"
"334","1"
"675","1"
"23966","2"
"24280","1"
"17273","1"
"12643","1"
"6354","1"
"2","1"
"1213","1"
"21086","1"
"19686","1"
"16600","1"
"19345","2"
"2308","12"
"8229","1"
"7574","1"
"30336","1"
"881","1"
"11531","1.5"
"17479","1"
"2290","1"
"8337","3"
"8310","1"
"10858","2"
"7592","1"
"1958","1.5625"
"1303","4"
"35961","1"
"29017","1"
"962","1"
"24908","1"
"15012","1"
"8346","1"
"7332","1"
"9198","1"
"28039","1"
"8857","1"
"5116","1"
"11064","1"
"19982","1"
"9207","1"
"8211","1"
"2577","1"
"2263","2"
"1922","3"
"27366","1"
"4784","1"
"20736","1"
"8534","1"
"7404","1"
"1590","2"
"29645","1"
"22297","1"
"3770","1.6"
"16322","1"
"15263","1"
"7951","2"
"1599","1"
"29654","1"
"15990","3"
"25545","1"
"30838","1"
"8642","2"
"4533","1"
"9826","2"
"22692","1"
"28640","1"
"23903","1"
"15003","1"
"23158","1"
"3573","1"
"2891","1.3333333333333333"
"2460","1"
"23912","2"
"16564","1"
"15882","1"
"3555","2"
"2559","1"
"1814","1"
"32139","1"
"29528","1"
"23239","1"
"18774","1"
"5","3.4748644548025345"
"9192","1"
"5926","1"
"8133","1"
"29558","1"
"23206","1"
"15517","1"
"9201","1"
"27701","1"
"4464","3"
"14189","1"
"552","1"
"1584","1"
"1521","1.8"
"1180","1"
"3791","1"
"184","13"
"28580","1"
"21205","1"
"5702","1"
"1279","1.375"
"6886","1"
"9093","1"
"2804","3.5"
"28966","1"
"6922","2.3333333333333335"
"13588","3"
"10502","1"
"7236","1"
"1817","1"
"31182","1"
"19070","1"
"2822","1"
"8770","1"
"1799","1"
"4006","1"
"4347","1"
"9524","1"
"9183","1"
"5101","1"
"29890","1"
"21860","1"
"1566","1.5"
"32824","1"
"3028","3"
"31083","1"
"22246","1"
"18101","2"
"15212","1"
"3100","1"
"13884","1"
"14225","1"
"11139","1.3333333333333333"
"1243","2"
"6061","2"
"3450","1"
"28957","1"
"30509","1"
"2768","2"
"17159","1"
"9497","1"
"3181","3.2"
"256","1"
"5388","1.5"
"2777","1.5263157894736843"
"24202","1"
"33757","1"
"16172","1"
"9479","1"
"12027","1"
"3190","1"
"5056","1"
"3997","1"
"26077","1"
"16208","1"
"2885","1.6666666666666667"
"2203","1"
"7810","1"
"13965","1"
"10672","1"
"11426","1"
"4419","1"
"7344","1"
"31765","1.1666666666666667"
"17069","1.1666666666666667"
"25171","1"
"19348","1"
"11973","1"
"10179","1"
"3172","1"
"3513","1"
"8788","1"
"10995","2"
"4024","5"
"283","1"
"624","1"
"6231","1"
"18442","3"
"21645","1"
"11749","1"
"11408","1"
"4778","1"
"30222","1"
"4033","1"
"13624","6"
"3387","1"
"26992","1"
"12637","1.3333333333333333"
"6662","1"
"30769","1"
"11157","1"
"12368","1"
"11964","2"
"3127","1"
"166","1.2916666666666667"
"28562","1"
"8295","1"
"8609","7"
"1602","1.5"
"6868","1"
"26023","1"
"18334","1"
"7622","1"
"13229","1"
"11713","1"
"11776","1"
"12117","3"
"11058","2"
"3683","1"
"12583","1"
"6949","1"
"10385","1"
"3351","3"
"5621","1"
"1135","1"
"26983","1"
"10053","2"
"8923","1"
"8519","2"
"15185","1"
"5289","2"
"20703","1"
"29262","2"
"6043","1"
"8591","1"
"5639","1"
"8564","1"
"35901","1"
"7505","1"
"15607","1"
"8600","1"
"911","2"
"13866","3"
"35632","1"
"1225","2"
"3836","2"
"202","1"
"21250","1"
"9452","1"
"8797","1"
"2445","1.5"
"25404","1"
"20981","1"
"23188","1"
"4733","1.25"
"13947","1"
"7658","1"
"310","1"
"3199","1"
"5884","1"
"26591","1"
"33257","1"
"35805","2"
"9186","1"
"27318","1"
"474","1"
"5310","1"
"5651","1"
"4251","1.3333333333333333"
"7113","1"
"19701","1"
"15215","1"
"151","1"
"1210","1"
"492","1"
"19028","1"
"905","1.6666666666666667"
"564","1.5714285714285714"
"2430","1"
"11689","1"
"16821","1"
"7266","1"
"13214","1"
"12559","2"
"27605","1"
"20912","1"
"11886","1"
"8800","2.3333333333333335"
"15089","1"
"13295","1"
"33661","1"
"33975","1"
"1524","1.5"
"22204","1"
"15197","1"
"5956","1.5"
"14829","1"
"8163","1"
"6826","1"
"851","1"
"32988","1"
"3399","2.3333333333333335"
"9688","1"
"106","1"
"27820","1"
"4969","1"
"887","2"
"7176","1"
"10101","1"
"6808","1"
"2726","1"
"19019","1"
"21199","1"
"7248","1"
"9428","1"
"6503","1"
"15717","1"
"6162","1"
"869","1"
"34217","1"
"28269","1"
"528","1"
"6476","1"
"16471","1"
"25730","1"
"34630","1"
"1407","1"
"20221","1"
"15825","1"
"12532","1"
"2502","1.3333333333333333"
"5902","1"
"8109","2"
"1416","1"
"21782","1"
"7804","1"
"21854","1"
"14506","1"
"11079","2"
"4924","1"
"2708","1"
"21522","2"
"10747","4"
"7858","2"
"3462","1"
"169","1.3333333333333333"
"21594","1"
"24797","1"
"13501","1"
"20508","1"
"7553","2"
"35267","1"
"36792","1"
"22410","1"
"19387","1"
"2484","1.5"
"8405","1"
"10953","1"
"30853","1"
"7750","2"
"31167","1"
"2116","1.5"
"15789","1"
"17996","1"
"1811","1.5"
"2466","1.5"
"2152","1.2857142857142858"
"15861","1"
"21468","1"
"8854","1"
"3345","1"
"24366","1"
"8181","1"
"4413","1"
"2358","1"
"13797","2"
"10460","3"
"7508","2"
"3767","1"
"12640","2"
"12981","1"
"3426","1"
"2744","3"
"30081","1"
"2780","1"
"9042","1"
"11653","1"
"2412","2"
"4960","1"
"36101","1"
"15744","1"
"24958","1"
"17951","1"
"8710","2"
"2107","1"
"3973","2"
"1084","1"
"4287","1"
"16498","1"
"3982","1"
"24725","1"
"18373","1"
"25039","1"
"13950","1"
"4709","1"
"19557","1"
"10998","1"
"2968","1"
"3381","1"
"5588","1"
"12631","1"
"9024","1"
"2735","1"
"4601","3"
"4915","1"
"25281","1"
"5355","1"
"2403","1"
"4269","7"
"12371","1"
"15394","1"
"11626","1"
"32737","1"
"3623","2"
"14587","1"
"6898","1"
"10298","1"
"18741","1"
"20948","2"
"26896","1"
"17341","1"
"9993","2"
"15164","2"
"441","3"
"35126","1"
"3303","1"
"2648","1"
"4855","1"
"10032","1"
"22987","1"
"10346","1"
"3402","1"
"2343","4"
"1320","1"
"25948","1"
"12625","2"
"5618","1"
"2729","1"
"18232","1"
"10884","1"
"11225","1"
"6802","1.5"
"9431","1"
"11979","1"
"2083","1"
"17245","1"
"4290","1"
"31663","1"
"32318","1"
"24629","1"
"11306","1"
"10992","1"
"10310","1"
"10651","1"
"13172","1"
"32327","1"
"23983","1"
"18663","1"
"23956","2"
"16949","1"
"10660","1"
"10974","1"
"31654","1"
"32865","1"
"9305","1"
"5564","4"
"5223","1"
"4505","1"
"22162","1"
"12948","1"
"18214","1"
"5573","2"
"11862","1"
"1966","1"
"29680","1"
"809","1"
"19650","1"
"19964","1"
"19309","1"
"12616","1"
"25571","1"
"25230","1"
"2720","1"
"4900","1"
"22718","1"
"15370","1"
"18295","1"
"20511","1"
"13881","1"
"12481","1.3333333333333333"
"13890","1"
"5205","1"
"8067","1"
"7726","1"
"30308","1"
"18851","1"
"9296","2"
"12221","1"
"20287","1"
"7394","1"
"2675","1"
"8148","1"
"36678","1"
"13441","1"
"18591","1"
"7843","1"
"5295","2"
"3895","1"
"24109","1"
"127","1"
"468","2"
"14204","1"
"5304","1"
"7511","1"
"6488","1"
"7143","1"
"199","1"
"2747","1"
"27195","1"
"20565","1"
"26827","1.3333333333333333"
"6838","1"
"5501","1"
"12517","1"
"5510","1"
"1428","1"
"4828","1.3333333333333333"
"18035","1"
"28738","1"
"22449","1"
"12867","1"
"6578","2"
"14078","1"
"7385","1"
"4837","1"
"1096","1"
"414","8"
"21435","2"
"8112","3"
"1482","1"
"82","1"
"27482","2"
"14841","2"
"7152","1"
"522","2"
"16025","1"
"21857","1"
"20116","1"
"10086","1"
"16043","1"
"8417","5"
"8354","1"
"1383","1"
"2038","1.5"
"14715","2"
"737","1"
"29447","1"
"15442","1"
"9960","1"
"36122","1"
"10373","1"
"1473","1"
"29994","1"
"10723","1"
"17075","1"
"16330","1"
"2352","1"
"30380","1"
"15998","1"
"9027","1"
"4227","2"
"29707","1"
"34911","1"
"26002","1"
"23454","1"
"11683","1"
"9135","1"
"10597","1"
"8390","1"
"7708","1"
"1760","1"
"1419","1"
"23992","1"
"15433","1"
"7744","1"
"1114","1"
"9951","1"
"3321","2"
"28041","1"
"25493","1"
"18145","1"
"11856","1"
"14377","1"
"4481","1"
"7029","1"
"6374","1"
"6033","1"
"399","1"
"58","1"
"19554","1"
"21420","1"
"11524","1"
"8097","2"
"15597","1"
"9308","2"
"28122","1"
"22640","1"
"13803","1"
"8976","1"
"6087","1"
"2032","2"
"1628","1"
"2346","1"
"26453","1"
"22308","1"
"9048","1"
"9703","1"
"5782","1"
"8644","1"
"2014","1"
"29010","1"
"13166","1"
"8716","1"
"10923","1"
"1027","1"
"1682","2.5"
"623","2"
"2893","1"
"381","1"
"7325","2"
"22120","1"
"13713","1"
"7424","1"
"1108","1"
"35452","2"
"2660","1.1666666666666667"
"11470","1"
"24336","1"
"14781","1"
"23681","2"
"20729","1"
"10331","1.5"
"3010","10"
"2983","1"
"1924","1"
"6419","2"
"17840","1"
"2651","1"
"4203","1"
"2310","1"
"29306","1"
"13121","2"
"1691","1"
"11219","3"
"10564","1"
"1350","2"
"3189","1"
"16082","1.3333333333333333"
"14341","1"
"21662","1"
"1736","1"
"677","1"
"336","1"
"17589","2"
"1745","1"
"9900","1"
"2956","2.3333333333333335"
"3270","1"
"2211","1"
"3620","2"
"9254","1"
"6706","1"
"9227","3"
"13","69.74079630956646"
"2220","2"
"2938","1"
"36968","1"
"23645","1"
"19222","1"
"10008","1"
"25170","1"
"9981","1"
"4499","1"
"9676","1"
"11883","1"
"5253","1"
"11542","1"
"5567","1"
"4167","3"
"9003","1"
"24605","1"
"2068","1"
"4275","1"
"10196","1"
"3907","1"
"6114","2"
"28014","1"
"26139","1"
"4786","1.6666666666666667"
"30634","1"
"17652","1"
"20200","1"
"23259","1"
"2615","1"
"372","1"
"3342","2"
"5863","1"
"4867","1"
"4122","1"
"22281","1"
"11910","1"
"20406","1"
"32186","1"
"2364","1"
"4571","3"
"10178","1"
"4544","1"
"31262","1"
"16880","1"
"13139","1"
"3898","1"
"5764","1"
"2875","1"
"1341","1"
"27189","1"
"12807","1"
"19159","1"
"12125","1"
"6491","1"
"2911","4"
"1009","2"
"32805","2"
"5190","1"
"1897","1"
"12888","1"
"19177","2"
"18181","1.6666666666666667"
"11461","1"
"1431","2"
"8438","1.1111111111111112"
"4517","1"
"6724","5"
"18908","1"
"6733","1"
"28167","1"
"27485","1"
"17930","1"
"23878","1"
"13507","2"
"20110","1"
"12448","1"
"14171","1"
"23071","1"
"15382","1"
"2059","1"
"7666","1"
"318","1"
"22739","1"
"16575","2"
"19503","2"
"12469","1"
"9266","2"
"2573","1"
"698","1"
"4439","1"
"26519","1"
"25119","1"
"17457","1.5"
"11168","2"
"7059","1"
"32566","1"
"3111","1"
"16318","1"
"24473","1"
"18184","2"
"36998","1"
"4206","1"
"4861","1"
"13016","1"
"5668","1"
"4215","1"
"19063","1"
"10163","1"
"5740","1"
"2474","1"
"2788","1"
"13124","1"
"18731","1"
"6467","3"
"12756","1"
"6933","1"
"19458","3"
"8369","1"
"5821","1"
"13976","1"
"33131","2"
"15071","1"
"21360","1"
"18130","1"
"5830","1"
"7","1"
"21028","1"
"7023","1"
"6341","1"
"6682","4"
"20041","1"
"6781","1"
"402","2"
"9302","2"
"31543","1"
"1613","1"
"13079","1"
"6108","1"
"5390","1.25"
"7911","1"
"12433","1"
"8665","1"
"6117","2"
"5372","1"
"26483","2"
"26456","1"
"14281","1"
"3569","2"
"19521","1"
"31283","2"
"375","1"
"8530","1"
"7418","1"
"14021","1"
"15573","1"
"9625","1"
"70","1"
"725","1"
"8539","1"
"43","1"
"22275","1"
"52","2"
"28977","1"
"29291","1"
"22284","1"
"6440","1"
"15313","1"
"7624","1"
"276","6"
"249","2"
"8692","3"
"14577","1.5"
"1003","2"
"6951","1"
"7606","1"
"10253","1"
"16856","1"
"7705","2"
"6619","1"
"9167","1.3333333333333333"
"330","2"
"23217","1"
"7714","1"
"13321","4"
"3228","1"
"2887","2"
"339","1"
"23971","1"
"22912","1"
"23226","1"
"22885","1"
"8593","1"
"2304","1"
"18157","1"
"17816","1"
"30027","1"
"29937","2"
"24859","1"
"6063","1"
"2636","2.1666666666666665"
"7929","1"
"8342","1"
"36370","1"
"2860","1"
"3515","1"
"16910","1"
"10558","1"
"3587","1"
"1846","1.6666666666666667"
"19126","2"
"15860","1"
"16174","1"
"3255","1"
"2196","2"
"2914","1"
"4062","1.25"
"16614","1"
"6691","1"
"2609","1"
"4475","1"
"4134","1"
"19207","1"
"25155","1"
"1936","1"
"6350","1"
"3488","1"
"22643","1"
"14586","1.3333333333333333"
"10504","2"
"7579","1"
"3838","1"
"2815","1"
"24581","1"
"13465","1"
"958","1"
"9858","1"
"10926","1"
"3919","1"
"19422","1"
"9867","1"
"6099","1"
"8844","1"
"26806","1"
"3246","1"
"11805","1"
"2223","1"
"26851","1"
"25792","1"
"23244","1"
"26133","1"
"15172","1"
"8820","1"
"22897","1"
"22529","1"
"15522","2"
"7833","1"
"4810","1"
"862","1"
"21569","1"
"871","1"
"10085","1.0833333333333333"
"189","5"
"3078","1"
"530","1"
"21551","1"
"16482","3"
"26037","1"
"9134","1"
"1293","1"
"2845","1"
"3500","2"
"2504","7"
"18761","1"
"16868","1"
"9861","1"
"9520","1.6666666666666667"
"2172","1"
"36830","1"
"1831","1"
"30227","1"
"30882","2"
"4011","1"
"12140","1"
"5447","1"
"8192","1"
"4774","1.5714285714285714"
"10067","1"
"10381","1"
"5985","1.3333333333333333"
"37","2"
"3446","1"
"5312","1"
"12696","1"
"4980","1"
"4666","1"
"10157","1"
"19057","1.1666666666666667"
"9816","1"
"11709","1.5"
"5420","3"
"29841","1"
"11691","1"
"1795","1"
"25768","1"
"12104","1"
"11045","1"
"4415","1"
"6281","1"
"17747","1"
"18465","1"
"11772","2"
"3428","1"
"22583","1"
"1","15.141601874419871"
"3742","1"
"5949","1"
"3437","2"
"10444","1"
"6703","1"
"3096","1"
"2414","1"
"5276","1"
"33331","1"
"13405","1"
"13001","1"
"5716","1"
"17182","1"
"207","1"
"18707","1"
"9125","1"
"6039","1"
"11673","1"
"1275","1"
"6909","1"
"16168","2"
"18716","1"
"4711","1"
"28684","2"
"28657","2"
"24736","1"
"6272","2"
"15486","3"
"31779","1"
"13315","1"
"14688","1"
"19981","1"
"6685","9"
"3733","1"
"9206","1"
"3051","1"
"5940","1"
"14042","1"
"12642","1"
"6667","1"
"24826","1"
"28899","2"
"13055","1"
"6021","1"
"8228","1"
"31528","1"
"1939","1"
"7546","1"
"8955","1"
"14562","1"
"7241","1"
"4352","1"
"611","2"
"26773","1"
"15316","1"
"12050","1"
"14661","1"
"14257","2"
"2145","2.6666666666666665"
"18752","2"
"11404","2"
"13925","1"
"2872","1"
"2154","1"
"31743","1"
"1813","1"
"14365","1"
"19945","1"
"2540","2.5"
"20699","1"
"9583","1"
"36579","1"
"27060","1"
"22233","1"
"15630","1"
"14230","1"
"5330","2"
"1589","1"
"1248","1"
"1903","1"
"14544","1"
"10462","2"
"19039","1"
"7923","1"
"7609","1"
"7268","2"
"575","1"
"261","1"
"3123","1"
"2782","1"
"234","2.6666666666666665"
"14221","1"
"7932","1"
"988","2"
"3195","1"
"3509","1"
"9457","1"
"3168","2"
"27957","1"
"3204","1"
"5070","1"
"2522","1"
"8156","1"
"8811","1"
"4729","1"
"23884","1"
"26629","1"
"5575","3"
"33971","1"
"5548","1"
"24389","3"
"33944","1"
"33603","1"
"22173","1"
"6302","2"
"28005","1"
"10079","2"
"8204","1"
"1170","1"
"35918","1"
"1888","1.6666666666666667"
"829","1"
"19643","1"
"15220","1"
"20513","1"
"26031","1"
"901","1"
"3108","1"
"13551","1"
"1251","1.2"
"569","1"
"6203","1"
"2776","1"
"1717","1"
"21931","1"
"21590","1"
"19876","1"
"7612","1"
"13901","1"
"37192","1"
"1789","2"
"20289","2"
"1448","25"
"27296","1"
"1116","1"
"21482","1"
"15534","1"
"6293","1"
"1556","1.6470588235294117"
"10366","1"
"36555","1"
"1529","1.3333333333333333"
"10025","1"
"22550","1"
"15857","1"
"12313","1"
"1538","1"
"7172","3"
"1197","1"
"13874","1"
"7181","2"
"7154","1"
"13883","1"
"15749","2"
"34563","1"
"23510","1"
"23106","1"
"17158","1"
"12394","1"
"1780","3"
"13964","1"
"13623","1"
"25385","1"
"16485","1"
"2193","3"
"8141","1"
"1852","1"
"5055","1"
"1107","1"
"7459","3"
"766","2"
"22873","2"
"21473","1"
"22541","1"
"8563","1"
"8536","1.5"
"3799","1"
"16691","1"
"35191","1"
"847","1"
"2372","1"
"25134","1"
"19311","1"
"9756","1"
"856","1"
"2408","1"
"2381","1"
"14933","3"
"7558","1.75"
"3162","1"
"5683","1"
"2049","1"
"23160","1"
"2489","2.1666666666666665"
"2148","1"
"1403","1"
"1816","2"
"4337","2"
"11380","1"
"10043","1"
"2354","1.4"
"25116","1"
"16216","1"
"7845","1"
"11111","1"
"3763","1"
"3018","1"
"18620","4"
"3431","4"
"3090","2"
"30086","1"
"2103","1"
"4651","1.8571428571428572"
"9828","1"
"12008","1"
"18297","1"
"2112","1"
"4723","1"
"16844","1"
"24999","1"
"15103","1"
"11021","1"
"11362","1"
"4391","1.6666666666666667"
"32760","1"
"25753","1"
"11434","1"
"11093","1"
"10375","1"
"19903","1"
"10348","1"
"10034","1"
"4059","1"
"6607","1"
"793","1"
"6266","1"
"10420","1"
"3413","1.5"
"3072","1"
"5961","2"
"5593","1"
"5252","1.5"
"20352","1"
"26300","1"
"19984","1"
"19329","1"
"12322","1"
"12636","1"
"6006","1"
"8554","1"
"14161","1"
"4920","5"
"6813","1"
"25968","1"
"16072","1"
"21204","1"
"7567","1"
"26722","1"
"21958","1"
"13865","1.3333333333333333"
"4687","1"
"4283","1"
"4346","1"
"34608","1"
"11730","3"
"4696","1"
"10985","1"
"4382","1"
"10644","8"
"6903","1"
"4355","1"
"273","1"
"20298","1"
"15812","1"
"3326","1"
"22481","2"
"8503","2"
"10710","2"
"29183","1"
"6601","1"
"2680","1.2"
"9687","1"
"3335","2"
"5946","1"
"2339","1"
"2994","6"
"2653","1"
"12208","1"
"12244","1"
"2007","1"
"5587","1"
"30376","2"
"9768","1"
"4968","2"
"5623","1"
"4941","1.3333333333333333"
"859","1"
"6807","1"
"32251","1"
"16066","1"
"2088","3"
"4609","2.3333333333333335"
"6161","1.25"
"5820","1"
"9472","1"
"17627","1"
"11993","1"
"3649","6"
"6574","1"
"3281","1"
"34943","1"
"18381","1"
"31991","1"
"20561","3"
"14747","1"
"19565","1"
"10324","2"
"6924","1"
"9983","1"
"31345","1"
"10333","1"
"4044","2"
"6251","1"
"25065","1"
"5569","1"
"19646","1"
"25594","1"
"18246","1"
"5264","1"
"1971","1"
"1155","1"
"6798","1"
"4250","1"
"482","1"
"26671","1"
"19009","1"
"13473","1"
"4259","2"
"7184","1"
"18991","2"
"11302","1"
"19861","1"
"20175","1.3333333333333333"
"6538","1"
"10279","1"
"32045","1"
"15034","1"
"8404","1"
"13240","1"
"12836","1"
"2940","1"
"1065","1"
"2124","1.5"
"19942","1"
"3694","1"
"15797","2"
"9642","1"
"12567","1"
"7426","1"
"4914","1"
"35490","1"
"26312","1"
"28833","1"
"5641","1"
"5300","2.6666666666666665"
"21144","1"
"7821","1"
"159","1"
"7480","1"
"20839","1"
"21557","2"
"1998","1"
"13150","1"
"13123","1"
"6179","1"
"141","1"
"21252","1"
"15743","2"
"20920","1.25"
"1020","1"
"13204","1"
"2115","1"
"36836","1"
"20274","2"
"1747","1"
"4869","1"
"14424","1"
"14738","1"
"105","1"
"419","1"
"25074","1"
"2626","1"
"4537","1"
"10010","1"
"1110","1"
"2321","2"
"22194","1"
"2294","1"
"24401","1"
"17053","1"
"7157","1"
"35212","1"
"9678","1"
"7130","1"
"2734","1.1"
"2393","1"
"8996","1"
"3048","1"
"28492","3"
"27155","1"
"27496","2"
"15384","1"
"195","1"
"2375","1"
"9759","1"
"8359","1"
"2411","1"
"26518","1"
"27577","1"
"23154","2"
"15806","1"
"25361","1"
"22409","2"
"9113","1"
"8772","2"
"2142","1"
"8431","4"
"10297","1"
"23163","1"
"15788","1"
"14729","1"
"1810","1"
"8099","1.3333333333333333"
"1469","1"
"10306","1"
"11535","1"
"17349","1"
"10064","1"
"78","1.3333333333333333"
"3003","1.3333333333333333"
"16362","1"
"6780","2"
"7121","1"
"3039","1"
"12253","8.666666666666666"
"15994","1"
"2384","1"
"30071","1"
"16775","1"
"7875","1"
"7534","1"
"16344","1"
"2770","2"
"16443","1"
"22705","1"
"18282","1"
"11275","1"
"26007","1.3333333333333333"
"16111","3"
"21243","1"
"1792","1.3333333333333333"
"18704","1"
"15438","2"
"18049","1"
"10360","1"
"13563","1"
"16963","1"
"3667","1"
"1119","1"
"2943","1"
"7438","1"
"16275","1"
"431","1"
"404","1"
"1956","1"
"2952","3"
"27400","1"
"14077","1"
"17343","1.3333333333333333"
"2306","1"
"8972","1"
"5231","1"
"11179","1"
"27786","1"
"30675","1"
"15297","2"
"13404","1"
"3033","1"
"8981","1"
"2037","1"
"7985","1.25"
"1292","2"
"27140","1"
"5787","1.3333333333333333"
"1705","1"
"22412","1"
"22044","1"
"15378","1"
"8748","2"
"8003","1"
"7689","1"
"16903","1"
"7662","1"
"10210","1"
"33510","1"
"1059","2.6666666666666665"
"3921","1"
"17316","1"
"16912","2"
"14023","3.1666666666666665"
"3338","1"
"386","1"
"12148","1"
"2593","1.9"
"24332","1"
"11009","1"
"3661","1"
"5527","1"
"30720","2"
"24368","1"
"23686","1"
"15997","2"
"25902","1"
"15324","1"
"8631","1"
"4549","1"
"3867","1"
"1660","2"
"29715","1"
"31922","1"
"13467","1"
"15674","2"
"9385","1"
"16392","4"
"14992","1"
"1696","1"
"1355","5"
"3562","3"
"18608","3"
"15405","1"
"10919","1"
"17621","1"
"9905","1"
"3957","2"
"24978","1"
"15952","2"
"3966","1"
"23991","1"
"8613","1"
"21434","1"
"15620","1.1"
"4504","2"
"422","1"
"25929","1"
"19577","1"
"18922","1"
"9681","1"
"4944","1"
"37054","1"
"10865","1"
"18590","1"
"25633","1"
"35188","1"
"2871","3"
"24610","1"
"20124","1"
"4594","1"
"4280","1.25"
"10300","1"
"18796","1"
"3266","1"
"5814","1"
"12821","2"
"5132","1"
"1391","1"
"20546","1"
"9627","1"
"15782","1"
"21730","3"
"7752","1"
"24700","1"
"25911","1"
"4495","1"
"11502","1"
"1131","1"
"7420","1"
"413","3"
"4468","1.6666666666666667"
"16679","2"
"11915","1"
"5222","1"
"799","1"
"485","1"
"7088","1"
"17558","2"
"9708","2"
"5446","2"
"18967","1.2857142857142858"
"33815","1"
"13458","1"
"13144","2"
"162","1"
"6110","1"
"17980","1"
"26135","1"
"6209","1"
"6182","1"
"27230","1"
"29410","1"
"17648","1"
"1014","1"
"8057","1"
"27","1.5"
"12579","1"
"4522","1"
"781","1"
"440","1"
"28809","1"
"27750","1"
"23327","1"
"4872","1"
"14086","1"
"4531","1"
"6083","1"
"14499","1"
"12758","1"
"6406","6"
"33806","1"
"6065","1"
"117","1"
"1983","1"
"1328","1"
"987","1"
"19801","1.5"
"14974","1"
"969","2"
"13521","1"
"15046","1"
"5832","2"
"17594","1"
"8353","1"
"350","1"
"664","1"
"12875","1"
"19541","1"
"15082","1"
"21344","1"
"28351","1"
"1104","1"
"16580","2"
"10294","4"
"25797","1"
"16242","1"
"5530","1.25"
"7396","1"
"4130","1"
"3448","1"
"3789","1.3333333333333333"
"6651","2.6666666666666665"
"21","1"
"11828","1"
"14439","1.3333333333333333"
"6750","1.4"
"32912","1"
"6346","1"
"10841","1"
"12707","2"
"34473","1"
"20468","1"
"20064","1"
"33800","1"
"1663","1"
"26766","1"
"263","1"
"19391","1"
"6158","1"
"12447","1.5"
"14313","1"
"19831","2"
"15408","1"
"14663","1"
"32822","1"
"7692","1"
"999","1"
"36061","1"
"3","47.46786692289589"
"658","1"
"28713","1"
"21365","1"
"13676","1"
"20028","1"
"8042","1"
"7387","1"
"7046","1"
"7701","2"
"1071","2"
"12","1"
"18512","1"
"14403","1"
"11137","1.4"
"10796","1"
"9980","1"
"84","1"
"19705","7"
"13730","1"
"5727","14"
"900","1"
"20800","1"
"27062","1"
"16036","1"
"5736","2"
"9002","1"
"7602","1"
"1654","1"
"1313","1"
"13156","1"
"8356","1"
"14277","1"
"2506","1"
"29009","1"
"25743","1"
"22720","1"
"5476","1"
"14286","1"
"1053","1"
"9549","1"
"20988","1"
"6696","1"
"7755","1"
"7037","3"
"1062","1"
"16565","1"
"6669","2"
"22083","1"
"18135","1"
"17319","1"
"15919","2"
"34419","1"
"5682","2"
"1941","1"
"24837","1"
"22962","1"
"7432","2.6666666666666665"
"8984","1"
"14932","1"
"11505","1"
"33746","1"
"3134","1"
"927","1"
"3475","1"
"21634","1"
"12393","1"
"14600","1"
"11577","1"
"1681","1"
"1277","2"
"30050","1"
"595","1"
"24909","1"
"15013","4"
"11245","1"
"16879","4"
"10590","1"
"2497","1.1666666666666667"
"10940","4"
"7647","1.25"
"9199","1"
"24245","1"
"17956","2"
"14349","1"
"8060","1"
"712","1"
"30","1"
"2578","1"
"2237","1"
"30947","2"
"2210","1"
"4103","2"
"29610","1"
"23231","1"
"22576","1.5"
"2964","1"
"8598","1"
"1932","1"
"27753","1"
"5512","1"
"11873","1"
"25546","1"
"24864","1"
"4193","1"
"3197","2"
"111","1.5"
"3511","1"
"24873","1"
"14977","1"
"16188","1"
"30893","1"
"25752","3"
"6481","1"
"5081","1"
"23554","1"
"5835","2.6666666666666665"
"8894","1"
"2605","4"
"3296","3.1666666666666665"
"17803","1.3333333333333333"
"18117","1"
"4821","1"
"1555","1"
"23294","1"
"18898","1"
"8975","1"
"17785","1"
"66","10"
"18907","1"
"11218","1"
"17166","1"
"10850","1"
"10536","1.3333333333333333"
"13057","1"
"10509","1"
"3502","1"
"4570","1"
"13470","1"
"10518","1.6666666666666667"
"12070","1"
"25591","2"
"12483","1"
"12079","1"
"5790","1"
"9190","1"
"2183","3"
"2901","1"
"23922","1"
"19095","1"
"5117","1"
"23617","1"
"2563","1"
"8511","1"
"2536","1"
"9265","1"
"24768","2"
"2760","1"
"15967","1"
"1962","1"
"4169","1"
"13724","1"
"28958","1"
"12324","1"
"25190","1"
"2437","2"
"11992","3"
"5362","1"
"17573","3"
"14962","1"
"19439","1"
"12746","1"
"3505","2"
"9794","1"
"3164","1"
"2168","1"
"30564","2"
"15500","1"
"15814","1"
"12414","1"
"5784","1"
"4725","1"
"11768","2"
"1845","2"
"4393","1"
"26159","2"
"16263","1"
"31425","1"
"25136","1"
"2599","1"
"10099","1"
"15590","1"
"18111","1"
"9767","1"
"4133","1"
"3478","1"
"5999","2"
"5658","1"
"26706","1"
"3146","2"
"31201","1"
"27119","1"
"4671","1"
"17878","1"
"12800","1"
"6107","2"
"11714","1"
"2814","2.1666666666666665"
"5021","1.1666666666666667"
"939","1"
"14989","1"
"5120","1"
"1827","1"
"1011","1"
"18425","1"
"20632","1"
"17743","1"
"11050","1"
"10736","1"
"18497","1"
"3774","1"
"35095","1"
"34350","1"
"5640","1"
"6","3.506289308176101"
"32143","1"
"18506","2"
"28061","1"
"18165","1"
"25208","1"
"31497","1"
"33677","1"
"885","1"
"19358","1"
"9803","1"
"12665","1"
"894","3"
"13105","1"
"12423","1"
"14630","1"
"1648","4"
"248","12"
"221","1"
"28276","1"
"14639","1"
"5084","1"
"4743","1.3333333333333333"
"7291","1.25"
"320","2"
"6923","1"
"6268","1"
"18452","1"
"12100","1"
"24741","1"
"13966","1"
"7336","1"
"9884","1"
"35077","1"
"3729","1"
"25091","1"
"20013","1"
"12979","1"
"7345","1"
"8897","1"
"8870","1"
"14074","1"
"15913","1"
"2276","2.272727272727273"
"1935","3"
"1190","1"
"6430","1"
"7919","1"
"8637","1"
"544","1"
"14253","1"
"10853","3"
"7560","1.5"
"4357","1.75"
"275","1"
"2482","1"
"20955","1"
"311","5"
"6259","1"
"32762","1"
"7632","1"
"10180","1.5"
"27998","1"
"17564","1"
"14361","1"
"21305","1"
"14334","1"
"9875","1"
"34296","1"
"21718","1"
"2159","1"
"1477","1"
"14370","1"
"22498","1"
"16209","1"
"6995","1"
"6313","1"
"1486","1"
"22597","1"
"22911","1"
"6008","1"
"17088","1"
"7533","1"
"8188","1"
"19717","1"
"4519","1"
"35256","1"
"3119","3"
"15985","1"
"30833","1"
"8610","1"
"36665","1"
"7614","1"
"7210","1"
"1325","1.6666666666666667"
"3128","2"
"21287","1"
"15653","1"
"7964","1.3333333333333333"
"16523","2"
"13912","1"
"3541","3.75"
"8493","1"
"5066","1"
"20273","1"
"16873","1"
"3209","1"
"8843","1.5"
"5075","1"
"628","1.25"
"15135","1"
"33294","1"
"9196","2"
"5275","1.25"
"3032","2"
"19325","1"
"5661","1"
"7213","1"
"26709","1"
"10075","1"
"36578","1"
"32971","1"
"179","1"
"17118","1"
"18311","1"
"1274","1"
"10829","1"
"6881","1"
"3454","1"
"6540","1"
"8747","1"
"7204","1"
"2808","1"
"27974","2"
"15458","1"
"5876","1"
"1480","1"
"1794","1"
"4001","1"
"22815","1"
"9178","1"
"1830","1"
"1489","1"
"4755","1"
"1148","1.6666666666666667"
"23569","1"
"27310","1"
"13673","1"
"19621","1"
"15880","1"
"1561","4"
"1157","1"
"4082","1"
"10030","1"
"15548","1"
"888","1"
"27857","1"
"15216","1"
"8272","1"
"2422","1.6666666666666667"
"24843","1"
"23784","1"
"22788","1"
"9806","1"
"19361","1"
"7258","2"
"15754","2"
"9124","1"
"3490","1"
"29831","1"
"2090","1"
"4297","1"
"7267","1"
"8792","2"
"11340","2"
"2099","1"
"24206","1"
"1103","1.5"
"13969","1"
"5060","1"
"3660","1"
"15530","1"
"15844","1"
"14848","1"
"2207","1"
"10766","2"
"7814","2"
"4414","1"
"4046","1"
"31787","1"
"14516","1"
"11116","1"
"11089","1"
"3741","1"
"3400","1.5"
"4925","1"
"21559","1"
"2727","1"
"9456","6"
"10174","1.5"
"3481","1"
"16122","1"
"9429","2"
"11295","1"
"19020","1"
"2494","1"
"1812","2"
"18347","1.5"
"25013","1"
"11376","1"
"1821","1"
"4369","1"
"7294","1"
"35349","1"
"3346","1"
"18787","1"
"26108","1"
"18446","1"
"8864","1"
"11385","4"
"843","1"
"19612","1"
"6998","1"
"3050","1"
"6657","1"
"1893","1"
"17100","1.6666666666666667"
"5670","1"
"11932","1"
"5329","1"
"4997","1"
"4970","1"
"12013","1"
"7931","1"
"583","1"
"924","1"
"3983","1"
"8810","1"
"31365","1"
"18410","1"
"13987","1"
"11098","1"
"34667","1"
"8137","1"
"36192","1"
"20348","1"
"8891","1"
"5939","1"
"17809","1"
"20016","1"
"13009","1"
"5634","1"
"4638","1"
"8245","2"
"5293","1"
"4979","1.5833333333333333"
"32666","1"
"14543","1"
"26727","1"
"25704","1"
"14615","1"
"5033","1"
"7240","1"
"1417","1"
"15808","1"
"6908","1"
"8433","1"
"18778","1"
"1426","1"
"13296","1"
